timestamp,smooth_cx,smooth_cy,is_predicted,raw_cx,raw_cy
20231130_0015,400.48091603053433,372.1603053435114,False,400.48091603053433,372.1603053435114
20231130_0045,400.41094970703125,371.9980163574219,False,399.63358778625957,370.19465648854964
20231130_0115,400.38763427734375,371.94390869140625,True,317.419452887538,354.48936170212767
20231130_0145,400.36431884765625,371.8898010253906,True,316.4298780487805,354.3932926829268
20231130_0215,400.34100341796875,371.835693359375,True,316.0244565217391,354.1195652173913
20231130_0245,400.31768798828125,371.7815856933594,True,316.62382445141066,354.0313479623824
20231130_0315,400.29437255859375,371.72747802734375,True,316.6739811912226,353.3573667711599
20231130_0345,400.27105712890625,371.6733703613281,True,317.8851174934726,352.5117493472585
20231130_0415,395.30438232421875,362.9793395996094,False,394.5206349206349,361.6095238095238
20231130_0445,394.20635986328125,361.46209716796875,False,394.0255681818182,361.46590909090907
20231130_0515,392.31585693359375,359.3986511230469,False,391.2648401826484,358.8173515981735
20231130_0545,391.16888427734375,357.7464294433594,True,326.4463087248322,348.8456375838926
20231130_0615,387.603515625,354.2471008300781,False,385.9971181556196,353.02017291066284
20231130_0645,385.846435546875,352.1288757324219,True,501.1585127201566,415.2915851272016
20231130_0715,383.64483642578125,350.0878601074219,False,383.3941605839416,350.13138686131384
20231130_0745,381.7825622558594,347.9879150390625,True,461.5099150141643,439.27903682719545
20231130_0815,379.9202880859375,345.8879699707031,True,461.23015873015873,440.3267195767196
20231130_0945,378.0580139160156,343.78802490234375,True,502.420424403183,436.44827586206895
20231130_1015,376.19573974609375,341.6880798339844,True,462.8439620081411,458.17367706919947
20231130_1045,374.3334655761719,339.588134765625,True,461.9133964817321,460.11637347767254
20231130_1115,372.47119140625,337.4881896972656,True,461.98582677165354,463.044094488189
20231130_1145,370.6089172363281,335.38824462890625,True,462.82405745062835,465.5852782764812
20231130_1215,368.74664306640625,333.2882995605469,True,465.4292343387471,467.0232018561485
20231130_1245,366.8843688964844,331.1883544921875,True,464.8708240534521,467.39643652561244
20231130_1315,365.0220947265625,329.0884094238281,True,464.297131147541,468.125
20231130_1345,363.1598205566406,326.98846435546875,True,456.67105263157896,417.88377192982455
20231130_1415,361.29754638671875,324.8885192871094,True,464.7750556792873,468.31180400890867
20231130_1445,359.4352722167969,322.78857421875,True,465.42914171656685,468.16766467065867
20231130_1515,357.572998046875,320.6886291503906,True,465.75847457627117,468.3728813559322
20231130_1545,355.7107238769531,318.58868408203125,True,465.2146892655367,416.31073446327684
20231130_1615,350.5029296875,334.6805114746094,False,350.4569377990431,334.9306220095694
20231130_1645,348.38311767578125,333.9811096191406,True,469.48057553956835,418.31942446043166
20231130_1715,346.2633056640625,333.2817077636719,True,472.446499339498,418.9577278731836
20231130_1745,344.14349365234375,332.5823059082031,True,474.01387283236994,419.685549132948
20231130_1815,329.9461975097656,342.8224182128906,False,327.46019629225736,345.0741548527808
20231130_1845,336.0061340332031,340.19293212890625,False,343.9701071630006,337.131415679639
20231130_1915,339.1583251953125,339.1405944824219,False,344.4238745574102,337.58067779463835
20231130_1945,341.13348388671875,338.5638732910156,False,344.03242481203006,337.843515037594
20231130_2015,342.7719421386719,338.0614318847656,False,344.51808318264017,337.61708860759495
20231130_2045,344.5042724609375,337.7040710449219,False,345.8683876428269,337.546339399069
20231130_2115,345.3647155761719,337.4475402832031,True,490.0725982532751,465.34115720524017
20231130_2145,346.22515869140625,337.1910095214844,True,489.7152852529602,465.31431646932185
20231130_2215,339.75115966796875,346.4575500488281,False,336.8608881754949,350.21027287319424
20231130_2245,340.0460510253906,346.7881774902344,False,340.95050270688324,345.4891724671307
20231130_2315,340.6306457519531,347.12078857421875,False,341.82261208577,345.85769980506825
20231130_2345,341.0380859375,347.0291442871094,False,341.7924806487284,345.5230372281607
20231201_0015,341.1317443847656,346.9541320800781,False,341.3238679969302,345.85725249424405
20231201_0045,340.5940856933594,346.7581481933594,False,339.996500777605,345.8258164852255
20231201_0115,336.2726135253906,350.18084716796875,False,331.4438742783836,353.7177677998717
20231201_0145,332.0583190917969,353.28961181640625,False,328.70033877425317,355.4755158607946
20231201_0215,324.97894287109375,363.9463806152344,False,319.21289605336295,374.31795441912175
20231201_0245,321.400634765625,371.00543212890625,False,321.3084745762712,374.3220338983051
20231201_0315,319.63897705078125,374.93408203125,False,321.6961149547632,373.67802022352316
20231201_0345,319.4624328613281,376.9957580566406,False,322.80825791855204,373.9004524886878
20231201_0415,317.2169189453125,380.9714660644531,True,483.37795729948067,392.1384881708021
20231201_0445,314.9714050292969,384.9471740722656,True,480.2916436081904,391.8954067515219
20231201_0515,312.72589111328125,388.9228820800781,True,477.60765815760266,391.0860155382908
20231201_0545,310.4803771972656,392.8985900878906,True,474.07744314689614,393.5218192993239
20231201_0615,308.23486328125,396.8742980957031,True,469.4348710990502,392.2788331071913
20231201_0645,305.9893493652344,400.8500061035156,True,473.921875,387.29185267857144
20231201_0715,303.74383544921875,404.8257141113281,True,471.8790672451193,385.617136659436
20231201_0745,301.4983215332031,408.8014221191406,True,473.488630621526,387.4158665992926
20231201_0815,299.2528076171875,412.7771301269531,True,473.866605756053,388.6847875742348
20231201_0845,297.0072937011719,416.7528381347656,True,472.2056030389364,388.1951566951567
20231201_0915,294.76177978515625,420.7285461425781,True,466.01463414634145,380.0717770034843
20231201_0945,292.5162658691406,424.7042541503906,True,463.0177430801987,377.9836763662172
20231201_1015,290.270751953125,428.6799621582031,True,459.2249047013977,381.53494282083864
20231201_1115,288.0252380371094,432.6556701660156,True,457.7010159651669,379.14368650217705
20231201_1145,285.77972412109375,436.6313781738281,True,456.64334705075447,379.71742112482855
20231201_1215,283.5342102050781,440.6070861816406,True,455.1850699844479,379.25505443234835
20231201_1245,281.2886962890625,444.5827941894531,True,452.95772357723575,379.8536585365854
20231201_1315,279.0431823730469,448.5585021972656,True,325.457095709571,339.04455445544556
20231201_1345,276.79766845703125,452.5342102050781,True,325.5,337.3667953667954
20231201_1415,274.5521545410156,456.5099182128906,True,324.2273641851107,340.16700201207243
20231201_1445,272.306640625,460.4856262207031,True,288.76806722689076,338.5260504201681
20231201_1515,270.0611267089844,464.4613342285156,True,326.196671709531,337.0302571860817
20231201_1545,267.81561279296875,468.4370422363281,True,287.2907348242812,336.99041533546324
20231201_1615,265.5700988769531,472.4127502441406,True,289.26409017713365,335.68599033816423
20231201_1645,263.3245849609375,476.3884582519531,True,287.4203084832905,336.2840616966581
20231201_1715,261.0790710449219,480.3641662597656,True,334.7787182587666,343.081015719468
20231201_1745,258.83355712890625,484.3398742675781,True,334.79800498753116,340.23815461346635
20231201_1815,256.5880432128906,488.3155822753906,True,300.56416464891043,382.0205811138014
20231201_1845,254.342529296875,492.2912902832031,True,317.9842608206858,359.76672287802137
20231201_1915,252.09701538085938,496.2669982910156,True,320.0822351080654,357.6220347917765
20231201_1945,249.85150146484375,500.2427062988281,True,319.69040553907024,357.91790306627104
20231201_2015,247.60598754882812,504.2184143066406,True,321.86479128856627,355.72186932849365
20231201_2045,245.3604736328125,508.1941223144531,True,321.24586689275117,356.51250529885544
20231201_2115,243.11495971679688,512.1698608398438,True,327.6864197530864,341.4851851851852
20231201_2145,240.86944580078125,516.1455688476562,True,488.13160173160173,368.76017316017317
20231201_2215,238.62393188476562,520.1212768554688,True,489.4303428154632,366.82421590080236
20231201_2245,236.37841796875,524.0969848632812,True,323.8605769230769,367.5302197802198
20231201_2315,234.13290405273438,528.0726928710938,True,323.086719223772,367.4893875075804
20231201_2345,231.88739013671875,532.0484008789062,True,325.3964757709251,362.2542479546885
20231202_0015,229.64187622070312,536.0241088867188,True,325.05368013281685,364.14001106806865
20231202_0045,227.3963623046875,539.9998168945312,True,323.02182214948175,364.4904528096017
20231202_0115,225.15084838867188,543.9755249023438,True,321.5826771653543,365.42887139107614
20231202_0145,222.90533447265625,547.9512329101562,True,321.1219512195122,364.7593495934959
20231202_0215,220.65982055664062,551.9269409179688,True,317.1958863858962,360.03330068560234
20231202_0245,218.414306640625,555.9026489257812,True,318.35420944558524,360.3613963039014
20231202_0315,216.16879272460938,559.8783569335938,True,490.5743626062323,357.03470254957506
20231202_0345,213.92327880859375,563.8540649414062,True,491.9041297935103,357.07300884955754
20231202_0415,211.67776489257812,567.8297729492188,True,492.72370999346833,358.7472240365774
20231202_0445,209.4322509765625,571.8054809570312,True,493.8531468531468,358.94335664335665
20231202_0515,207.18673706054688,575.7811889648438,True,494.48503827418233,358.76548364648573
20231202_0545,204.94122314453125,579.7568969726562,True,494.65778097982707,358.43299711815564
20231202_0615,202.69570922851562,583.7326049804688,True,495.2972784368458,359.6161898115841
20231202_0645,200.4501953125,587.7083129882812,True,494.95585284280935,359.64816053511703
20231202_0715,198.20468139648438,591.6840209960938,True,499.2154471544715,358.99024390243903
20231202_0745,195.95916748046875,595.6597290039062,True,498.1115569823435,357.5529695024077
20231202_0815,193.71365356445312,599.6354370117188,True,496.7427075542259,356.9663425579656
20231202_0845,191.4681396484375,603.6111450195312,True,495.94554819720383,357.0787343635026
20231202_0915,189.22262573242188,607.5868530273438,True,495.19951338199513,354.2830494728305
20231202_0945,186.97711181640625,611.5625610351562,True,494.6807181889149,353.82045277127247
20231202_1015,184.73159790039062,615.5382690429688,True,494.66692667706707,353.7277691107644
20231202_1045,182.486083984375,619.5139770507812,True,496.42578456318915,351.5937234944869
20231202_1115,180.24057006835938,623.4896850585938,True,496.2444641275465,350.3808680248007
20231202_1145,177.99505615234375,627.4653930664062,True,496.1347785108388,348.28934967012253
20231202_1215,175.74954223632812,631.4411010742188,True,498.5126315789474,346.88
20231202_1245,173.5040283203125,635.4168090820312,True,309.54334677419354,314.7288306451613
20231202_1315,171.25851440429688,639.3925170898438,True,497.41468253968253,343.61805555555554
20231202_1345,169.01300048828125,643.3682250976562,True,309.61937377690805,312.4275929549902
20231202_1415,166.76748657226562,647.3439331054688,True,497.11843460350156,340.18434603501544
20231202_1445,164.52197265625,651.3196411132812,True,312.3694493783304,311.3436944937833
20231202_1515,162.27645874023438,655.2953491210938,True,495.5997842502697,337.831715210356
20231202_1545,160.03094482421875,659.2710571289062,True,307.8459273797841,314.8076545632974
20231202_1615,157.78543090820312,663.2467651367188,True,309.60558069381597,310.59276018099547
20231202_1645,155.5399169921875,667.2224731445312,True,309.3454680534918,312.20579494799404
20231202_1715,153.29440307617188,671.1981811523438,True,309.5238455715367,312.83194549583646
20231202_1745,151.04888916015625,675.1738891601562,True,254.9415233591931,108.14234859449304
20231202_1749,148.80337524414062,679.1495971679688,True,254.93874096152288,107.95960487334877
20231202_1754,146.557861328125,683.1253051757812,True,254.88412619829876,108.00068409919439
20231202_1758,144.31234741210938,687.1010131835938,True,254.95716587310875,108.00875763930767
20231202_1802,142.06683349609375,691.0767211914062,True,254.93471566967983,107.97476320812476
20231202_1807,139.82131958007812,695.0524291992188,True,254.94057426865834,107.96976490820525
20231202_1815,137.5758056640625,699.0281372070312,True,254.88657482441923,107.96713488204574
20231202_1819,135.33029174804688,703.0038452148438,True,254.86738774113365,107.94589239719735
20231202_1824,133.08477783203125,706.9795532226562,True,254.89147349651483,107.94998288935717
20231202_1828,130.83926391601562,710.9552612304688,True,254.8572485607551,107.73414123549476
20231202_1832,128.59375,714.9309692382812,True,254.82433028679483,107.96256809688893
20231202_1837,126.34823608398438,718.9066772460938,True,254.8848027518392,107.96068543848433
20231202_1845,124.10272216796875,722.8823852539062,True,254.9256167085461,107.9407293327209
20231202_1849,121.85720825195312,726.8580932617188,True,254.93081562837594,107.98668527187613
20231202_1854,119.6116943359375,730.8338012695312,True,254.91320476113302,107.97284497505987
20231202_1858,117.36618041992188,734.8095092773438,True,254.9081193503079,107.97489826052508
20231202_1902,115.12066650390625,738.7852172851562,True,254.90840759744353,107.99586821496084
20231202_1907,112.87515258789062,742.7609252929688,True,254.95866124007276,107.96474814961552
20231202_1915,110.629638671875,746.7366333007812,True,254.92778278097984,107.94724423631123
20231202_1919,108.38412475585938,750.7123413085938,True,254.9211720635378,107.95886611677412
20231202_1924,106.13861083984375,754.6880493164062,True,254.94135816366042,107.95438868226967
20231202_1928,103.89309692382812,758.6637573242188,True,254.93109814304498,107.94932548044883
20231202_1932,101.6475830078125,762.6394653320312,True,254.9506988976151,107.93959399092154
20231202_1937,99.40206909179688,766.6151733398438,True,254.92508354576327,107.92513759154004
20231202_1945,97.15655517578125,770.5908813476562,True,254.95669811914763,108.07661032804728
20231202_1949,94.91104125976562,774.5665893554688,True,254.92420639210175,107.9201617843116
20231202_1954,92.66552734375,778.5422973632812,True,254.88512965599264,107.89513091741301
20231202_1958,90.42001342773438,782.5180053710938,True,254.93472237216164,108.06023066681061
20231202_2002,88.17449951171875,786.4937133789062,True,254.9274359066686,107.99336562004898
20231202_2007,85.92898559570312,790.4694213867188,True,254.93325956711826,108.06620967596841
20231202_2015,83.6834716796875,794.4451293945312,True,254.911075109131,108.01026956482606
20231202_2019,81.43795776367188,798.4208374023438,True,254.90742257463526,108.01213244890062
20231202_2024,79.19244384765625,802.3965454101562,True,254.90371043819536,107.9974345587441
20231202_2028,76.94692993164062,806.3722534179688,True,254.89828601263886,107.99161010388347
20231202_2032,74.701416015625,810.3479614257812,True,254.91273786303046,108.15204357713638
20231202_2037,72.45590209960938,814.3236694335938,True,254.90583910773185,108.16823496634223
20231202_2045,70.21038818359375,818.2993774414062,True,254.9322204543207,108.14431469845293
20231202_2049,67.96487426757812,822.2750854492188,True,254.94162000880732,108.17175184908916
20231202_2054,65.7193603515625,826.2507934570312,True,254.96694140754624,108.39518740078387
20231202_2058,63.473846435546875,830.2265014648438,True,254.93794534949546,108.18956051361769
20231202_2102,61.22833251953125,834.2022094726562,True,254.94736369190957,108.19243072278331
20231202_2107,58.982818603515625,838.1779174804688,True,254.9545458621401,108.41539109927456
20231202_2115,56.7373046875,842.1536254882812,True,254.97075677275296,108.40927963555819
20231202_2119,54.491790771484375,846.1293334960938,True,254.97001365874698,108.18434815427196
20231202_2124,52.24627685546875,850.1050415039062,True,255.00630182421227,108.45015463224418
20231202_2128,50.000762939453125,854.0807495117188,True,254.98194813114284,108.40776777387187
20231202_2132,47.7552490234375,858.0564575195312,True,254.99920175076684,108.38984160582632
20231202_2137,45.509735107421875,862.0321655273438,True,254.93838361199516,108.44046797256712
20231202_2145,43.26422119140625,866.0078735351562,True,254.97301272679982,108.39314959146883
20231202_2149,41.018707275390625,869.9835815429688,True,254.9864754576192,108.39698298669967
20231202_2154,38.773193359375,873.9592895507812,True,254.99988339447648,108.3829145999085
20231202_2158,36.527679443359375,877.9349975585938,True,254.9865361845646,108.38006350687094
20231202_2202,34.28216552734375,881.9107055664062,True,255.00852937747203,108.39265630465394
20231202_2207,32.036651611328125,885.8864135742188,True,255.0079740238772,108.38293253921982
20231202_2215,29.791139602661133,889.8621215820312,True,254.93423967142255,108.40691949673126
20231202_2219,27.54562759399414,893.8378295898438,True,255.04693008027985,108.38097501906086
20231202_2224,25.30011558532715,897.8135375976562,True,255.03026497551176,108.37814176279579
20231202_2228,23.054603576660156,901.7892456054688,True,254.98168297736834,108.37712255900108
20231202_2232,20.809091567993164,905.7649536132812,True,255.04749390068886,108.38393369690012
20231202_2237,18.563579559326172,909.7406616210938,True,255.0431085517464,108.3821107583015
20231202_2245,16.31806755065918,913.7163696289062,True,255.06293124278466,108.6311559767677
20231202_2249,14.072555541992188,917.6920776367188,True,255.01891891891893,108.63016824771792
20231202_2254,11.827043533325195,921.6677856445312,True,254.99887889360252,108.39288949478461
20231202_2258,9.581531524658203,925.6434936523438,True,255.0714208846002,108.40364816874126
20231202_2302,7.336019515991211,929.6192016601562,True,255.0742079256755,108.4065966586256
20231202_2307,5.090507507324219,933.5949096679688,True,254.96312905279962,108.39339175045069
20231202_2315,2.8449952602386475,937.5706176757812,True,255.04765620795436,108.3822004556626
20231202_2319,0.5994830131530762,941.5463256835938,True,255.02925267095455,108.37329673385541
20231202_2324,-1.6460292339324951,945.5220336914062,True,255.03433276231647,108.39279083742163
20231202_2328,-3.8915414810180664,949.4977416992188,True,255.0634904975022,108.39277289971928
20231202_2332,-6.137053489685059,953.4734497070312,True,255.0575910595284,108.38883158583947
20231202_2337,-8.38256549835205,957.4491577148438,True,255.06069535531398,108.20917258107987
20231202_2345,-10.628077507019043,961.4248657226562,True,255.03813931794127,108.3821107583015
20231202_2349,-12.873589515686035,965.4005737304688,True,255.05578575400455,108.39387253583024
20231203_0002,-15.119101524353027,969.3762817382812,True,255.05852440163875,108.20373032415726
20231203_0007,-17.364614486694336,973.3519897460938,True,255.04240821266868,108.43022369659748
20231203_0015,-19.610126495361328,977.3276977539062,True,255.0315956901897,108.18083949640999
20231203_0019,-21.85563850402832,981.3034057617188,True,255.06151385544334,108.19190957121806
20231203_0024,-24.101150512695312,985.2791137695312,True,255.07307211974737,108.20062712823784
20231203_0028,-26.346662521362305,989.2548217773438,True,255.04941155331954,108.20931632378043
20231203_0032,-28.592174530029297,993.2305297851562,True,255.03181435053173,108.41739746417747
20231203_0037,-30.83768653869629,997.2062377929688,True,255.02847562178349,108.42924130758334
20231203_0045,-33.08319854736328,1001.1819458007812,True,255.06676172029125,108.4110172531296
20231203_0049,-35.328712463378906,1005.1576538085938,True,255.00183265357458,108.21318971557935
20231203_0054,-37.57422637939453,1009.1333618164062,True,254.9820174964899,108.01256435180186
20231203_0058,-39.819740295410156,1013.1090698242188,True,255.0098543850666,108.21994951536547
20231203_0102,-42.06525421142578,1017.0847778320312,True,255.03638765569676,108.17439833204523
20231203_0107,-44.310768127441406,1021.0604858398438,True,255.0355503247774,108.2064560180402
20231203_0115,-46.55628204345703,1025.0362548828125,True,255.03435759209344,108.19973944294699
20231203_0119,-48.801795959472656,1029.011962890625,True,255.01452088275465,108.18870857594709
20231203_0124,-51.04730987548828,1032.9876708984375,True,255.02378427919348,108.19257448873235
20231203_0128,-53.292823791503906,1036.96337890625,True,255.03302153812976,108.1907252158755
20231203_0132,-55.53833770751953,1040.9390869140625,True,255.0259970165885,108.18186229578907
20231203_0137,-57.783851623535156,1044.914794921875,True,254.97234724372592,107.99699348287905
20231203_0145,-60.02936553955078,1048.8905029296875,True,255.027514598573,108.04461899748968
20231203_0149,-62.274879455566406,1052.8662109375,True,255.01311937644797,108.26042096945098
20231203_0154,-64.52039337158203,1056.8419189453125,True,255.0079085878807,108.04847721444959
20231203_0158,-66.76590728759766,1060.817626953125,True,255.02657296090993,108.03189115254482
20231203_0202,-69.01142120361328,1064.7933349609375,True,255.0053090190442,108.21908911246855
20231203_0207,-71.2569351196289,1068.76904296875,True,255.04940181703697,108.07321219753531
20231203_0215,-73.50244903564453,1072.7447509765625,True,255.08003884158566,108.12237796818945
20231203_0219,-75.74796295166016,1076.720458984375,True,255.04722120018306,108.33033302522593
20231203_0224,-77.99347686767578,1080.6961669921875,True,255.05065681223533,108.12054594988267
20231203_0228,-80.2389907836914,1084.671875,True,255.0766305227383,108.12376148603694
20231203_0232,-82.48450469970703,1088.6475830078125,True,255.0475244141503,108.10800676222506
20231203_0237,-84.73001861572266,1092.623291015625,True,255.00773649255072,108.31793214862682
20231203_0245,-86.97553253173828,1096.5989990234375,True,255.00977271909952,108.12954471895566
20231203_0249,-89.2210464477539,1100.57470703125,True,255.0099003668801,108.11009999280627
20231203_0254,-91.46656036376953,1104.5504150390625,True,255.02930360113294,108.11691768196737
20231203_0258,-93.71207427978516,1108.526123046875,True,255.018329445541,108.3573299838507
20231203_0302,-95.95758819580078,1112.5018310546875,True,255.05322498183676,108.38489895864166
20231203_0307,-98.2031021118164,1116.4775390625,True,255.07214455881692,108.13635096866993
20231203_0315,-100.44861602783203,1120.4532470703125,True,255.06449640837536,108.13242711114707
20231203_0319,-102.69412994384766,1124.428955078125,True,255.03361020415485,108.38018011553227
20231203_0324,-104.93964385986328,1128.4046630859375,True,255.09372925450793,108.36606261774469
20231203_0328,-107.1851577758789,1132.38037109375,True,255.0656459656298,108.38800990205576
20231203_0332,-109.43067169189453,1136.3560791015625,True,255.07352162954857,108.38698190885363
20231203_0337,-111.67618560791016,1140.331787109375,True,255.07553414778536,108.38201209120427
20231203_0345,-113.92169952392578,1144.3074951171875,True,255.14378726920037,108.25099683885337
20231203_0349,-116.1672134399414,1148.283203125,True,255.12956968517705,108.41798552764901
20231203_0354,-118.41272735595703,1152.2589111328125,True,255.08551599221684,108.4182545304556
20231203_0358,-120.65824127197266,1156.234619140625,True,255.14253363168254,108.178811815347
20231203_0402,-122.90375518798828,1160.2103271484375,True,255.09800242402477,108.28435606230641
20231203_0407,-125.1492691040039,1164.18603515625,True,255.09835682649202,108.20856354832044
20231203_0415,-127.39478302001953,1168.1617431640625,True,255.16521193655345,108.48340353078233
20231203_0419,-129.64028930664062,1172.137451171875,True,255.12007826313285,108.31694773781851
20231203_0424,-131.88580322265625,1176.1131591796875,True,255.13750089740827,108.32965395936536
20231203_0428,-134.13131713867188,1180.0888671875,True,255.16319572180998,108.3462480596506
20231203_0432,-136.3768310546875,1184.0645751953125,True,255.11459684392563,107.93087080270932
20231203_0437,-138.62234497070312,1188.040283203125,True,255.03543714200933,108.11299241981459
20231203_0445,-140.86785888671875,1192.0159912109375,True,255.13831660424916,108.76825376963023
20231203_0449,-143.11337280273438,1195.99169921875,True,255.12848383002307,108.76171407118723
20231203_0454,-145.35888671875,1199.9674072265625,True,255.11701452513967,108.76240446927375
20231203_0502,-147.60440063476562,1203.943115234375,True,255.19253557683703,108.62032578537546
20231203_0507,-149.84991455078125,1207.9188232421875,True,255.22585544536764,108.81557223264541
20231203_0515,-152.09542846679688,1211.89453125,True,255.17136601277983,108.78136645962734
20231203_0519,-154.3409423828125,1215.8702392578125,True,255.16397529959517,108.78719582488092
20231203_0524,-156.58645629882812,1219.845947265625,True,255.18860558196047,108.81748740306615
20231203_0528,-158.83197021484375,1223.8216552734375,True,255.17884682398562,108.80276454872808
20231203_0532,-161.07748413085938,1227.79736328125,True,255.12066300317204,108.80086672921414
20231203_0537,-163.322998046875,1231.7730712890625,True,255.1504085047741,108.63846656345918
20231203_0545,-165.56851196289062,1235.748779296875,True,255.18775554024674,108.66221717230458
20231203_0549,-167.81402587890625,1239.7244873046875,True,255.16365344187503,108.67398130339491
20231203_0554,-170.05953979492188,1243.7001953125,True,255.17465563753953,108.83090061279546
20231203_0558,-172.3050537109375,1247.6759033203125,True,255.19065504135926,108.7129532752068
20231203_0602,-174.55056762695312,1251.651611328125,True,255.19509686421122,108.69450655599879
20231203_0607,-176.79608154296875,1255.6273193359375,True,255.19821178402205,108.95003881606539
20231203_0615,-179.04159545898438,1259.60302734375,True,255.21423076923077,108.68826475849731
20231203_0619,-181.287109375,1263.5787353515625,True,255.20166180705866,108.69421140189256
20231203_0624,-183.53262329101562,1267.554443359375,True,255.19087333512113,108.75732546705999
20231203_0628,-185.77813720703125,1271.5301513671875,True,255.19346794304562,108.76615808149876
20231203_0632,-188.02365112304688,1275.505859375,True,255.21449767608152,108.76678584197354
20231203_0637,-190.2691650390625,1279.4815673828125,True,255.18973284254457,108.54882362950822
20231203_0645,-192.51467895507812,1283.457275390625,True,255.19017747037694,108.79315675656355
20231203_0649,-194.76019287109375,1287.4329833984375,True,255.17747327398192,108.76333619364296
20231203_0654,-197.00570678710938,1291.40869140625,True,255.12826083069606,108.74595469255664
20231203_0658,-199.251220703125,1295.3843994140625,True,255.1592798526809,108.75397350401373
20231203_0702,-201.49673461914062,1299.360107421875,True,255.16995333702823,108.75342820874975
20231203_0707,-203.74224853515625,1303.3358154296875,True,255.13152201122912,108.74015663555413
20231203_0715,-205.98776245117188,1307.3115234375,True,255.1828182809344,108.78508105596168
20231203_0719,-208.2332763671875,1311.2872314453125,True,255.12186053163154,108.76937308950501
20231203_0724,-210.47879028320312,1315.262939453125,True,255.17477029780844,108.77115583997711
20231203_0728,-212.72430419921875,1319.2386474609375,True,255.13989387361312,108.82782155044576
20231203_0732,-214.96981811523438,1323.21435546875,True,255.23507969408905,108.81379994282038
20231203_0737,-217.21533203125,1327.1900634765625,True,255.20148287105275,108.83034525883247
20231203_0745,-219.46084594726562,1331.165771484375,True,255.10956614985926,108.7915821455699
20231203_0749,-221.70635986328125,1335.1414794921875,True,255.1722228177368,108.83333333333333
20231203_0754,-223.95187377929688,1339.1171875,True,255.15735305941948,108.81889165840279
20231203_0758,-226.1973876953125,1343.0928955078125,True,255.1515276040736,108.82597820260854
20231203_0802,-228.44290161132812,1347.068603515625,True,255.14395089963728,108.82001893973234
20231203_0807,-230.68841552734375,1351.0443115234375,True,255.20750538076143,108.85812651264143
20231203_0815,-232.93392944335938,1355.02001953125,True,255.15779454087195,108.77333178413743
20231203_0819,-235.179443359375,1358.9957275390625,True,255.1355022025251,108.80343468820644
20231203_0824,-237.42495727539062,1362.971435546875,True,255.09047325709082,108.89605485175564
20231203_0828,-239.67047119140625,1366.9471435546875,True,255.10355169551286,108.91533593380403
20231203_0832,-241.91598510742188,1370.9228515625,True,255.09802135790565,108.88099574984821
20231203_0837,-244.1614990234375,1374.8985595703125,True,255.10523402203611,108.88313184164002
20231203_0845,-246.40701293945312,1378.874267578125,True,255.12652937289013,108.85915480379374
20231203_0849,-248.65252685546875,1382.8499755859375,True,255.09188619787716,108.90336460778975
20231203_0854,-250.89804077148438,1386.82568359375,True,255.09543157180363,108.87143928705373
20231203_0858,-253.1435546875,1390.8013916015625,True,255.18064591182025,108.63842182032948
20231203_0902,-255.38906860351562,1394.777099609375,True,255.0962630338523,108.90087130409941
20231203_0907,-257.63458251953125,1398.7528076171875,True,255.12154088331573,108.69565139616836
20231203_0915,-259.8800964355469,1402.728515625,True,255.18236225544135,108.6719626419044
20231203_0919,-262.1256103515625,1406.7042236328125,True,255.12189168164383,108.72602090542486
20231203_0924,-264.3711242675781,1410.679931640625,True,255.1235989148283,108.93953915899193
20231203_0928,-266.61663818359375,1414.6556396484375,True,255.12487393908023,108.94854929539756
20231203_0932,-268.8621520996094,1418.63134765625,True,255.11547057140814,108.75228849317028
20231203_0937,-271.107666015625,1422.6070556640625,True,255.10811994850152,108.73644589085187
20231203_0945,-273.3531799316406,1426.582763671875,True,255.1118531631084,108.74076458176877
20231203_0949,-275.59869384765625,1430.5584716796875,True,255.12064371926687,108.73848010728655
20231203_0954,-277.8442077636719,1434.5341796875,True,255.12188632751815,108.94504758673642
20231203_0958,-280.0897216796875,1438.5098876953125,True,255.08204944784728,108.72437072472839
20231203_1002,-282.3352355957031,1442.485595703125,True,255.10764003755196,108.73364924672538
20231203_1007,-284.58074951171875,1446.4613037109375,True,255.1060024857605,108.72602090542486
20231203_1015,-286.8262634277344,1450.43701171875,True,255.12150126088744,108.7154418471554
20231203_1019,-289.07177734375,1454.4127197265625,True,255.1091050333503,108.92507567437251
20231203_1024,-291.3172912597656,1458.388427734375,True,255.07498594013623,108.91152551753689
20231203_1028,-293.56280517578125,1462.3641357421875,True,255.10633871975716,108.89480403535399
20231203_1032,-295.8083190917969,1466.33984375,True,255.14410257785886,108.72594937274783
20231203_1037,-298.0538330078125,1470.3155517578125,True,255.05404414722895,108.74203642280493
20231203_1045,-300.2993469238281,1474.291259765625,True,255.03826861347807,108.73006321474236
20231203_1049,-302.54486083984375,1478.2669677734375,True,255.07628884417616,108.71459870333109
20231203_1054,-304.7903747558594,1482.24267578125,True,255.05834957880992,108.7155580991898
20231203_1058,-307.035888671875,1486.2183837890625,True,255.06432863581085,108.72147506974748
20231203_1102,-309.2814025878906,1490.194091796875,True,255.09898399842314,108.50809038292687
20231203_1107,-311.52691650390625,1494.1697998046875,True,255.0752849053899,108.51008815940367
20231203_1115,-313.7724304199219,1498.1455078125,True,255.05279901069065,108.48787110302618
20231203_1119,-316.0179443359375,1502.1212158203125,True,255.07116406375786,108.68804450884632
20231203_1124,-318.2634582519531,1506.096923828125,True,255.0593438634778,108.69568717242366
20231203_1128,-320.50897216796875,1510.0726318359375,True,255.06819401223308,108.71730693565118
20231203_1132,-322.7544860839844,1514.04833984375,True,255.07983437519562,108.70861839222314
20231203_1137,-325.0,1518.0240478515625,True,255.0732808727533,108.7189662881159
20231203_1145,-327.2455139160156,1521.999755859375,True,255.05582626266238,108.73603225835294
20231203_1149,-329.49102783203125,1525.9754638671875,True,255.0580425394952,108.73806650037103
20231203_1154,-331.7365417480469,1529.951171875,True,255.06974831239663,108.73397112074747
20231203_1158,-333.9820556640625,1533.9268798828125,True,255.0996924562376,108.7425930230479
20231203_1202,-336.2275695800781,1537.902587890625,True,255.09470497617596,108.54531042883244
20231203_1207,-338.47308349609375,1541.8782958984375,True,255.07576191157534,108.71340678208614
20231203_1215,-340.7185974121094,1545.85400390625,True,255.08209389058322,108.70095965513232
20231203_1219,-342.964111328125,1549.8297119140625,True,255.12527621961584,108.66657720282348
20231203_1224,-345.2096252441406,1553.805419921875,True,255.10407292544323,108.46046286503056
20231203_1228,-347.45513916015625,1557.7811279296875,True,255.0915213910679,108.6893353250029
20231203_1232,-349.7006530761719,1561.7568359375,True,255.09700750141155,108.47346722949659
20231203_1237,-351.9461669921875,1565.7325439453125,True,255.1147567422274,108.50418421288416
20231203_1245,-354.1916809082031,1569.708251953125,True,255.08462648701467,108.44401115204977
20231203_1249,-356.43719482421875,1573.6839599609375,True,255.08388443823145,108.48892413570623
20231203_1254,-358.6827087402344,1577.65966796875,True,255.09087732501882,108.506450919256
20231203_1258,-360.92822265625,1581.6353759765625,True,255.07153482203663,108.49071651313668
20231203_1302,-363.1737365722656,1585.611083984375,True,255.05930897295747,108.49652335979641
20231203_1307,-365.41925048828125,1589.5867919921875,True,255.0266921900298,108.6839784244094
20231203_1315,-367.6647644042969,1593.5625,True,255.03274435249384,108.6664459852382
20231203_1319,-369.9102783203125,1597.5382080078125,True,255.06014511601208,108.39271011776101
20231203_1324,-372.1557922363281,1601.513916015625,True,255.03479570972488,108.4037378484055
20231203_1328,-374.40130615234375,1605.4896240234375,True,255.06822012623726,108.43125089657151
20231203_1332,-376.6468200683594,1609.46533203125,True,255.05225640427878,108.42259721861075
20231203_1337,-378.892333984375,1613.4410400390625,True,255.0540862798537,108.43914509072653
20231203_1345,-381.1378479003906,1617.416748046875,True,255.04385178276777,108.408036803214
20231203_1349,-383.38336181640625,1621.3924560546875,True,255.0501147940881,108.39997668245086
20231203_1354,-385.6288757324219,1625.3681640625,True,255.03563456418254,108.44457592627455
20231203_1358,-387.8743896484375,1629.3438720703125,True,255.00011653444489,108.45050423557886
20231203_1402,-390.1199035644531,1633.319580078125,True,255.01482548516108,108.65802070378555
20231203_1407,-392.36541748046875,1637.2952880859375,True,255.03496322016,108.63720401625115
20231203_1415,-394.6109313964844,1641.27099609375,True,255.0204776627683,108.48019895147198
20231203_1419,-396.8564453125,1645.2467041015625,True,254.9567639328675,108.37772355827451
20231203_1424,-399.1019592285156,1649.222412109375,True,254.98793152843433,108.58861552786134
20231203_1428,-401.34747314453125,1653.1981201171875,True,255.027918009309,108.61158252774794
20231203_1432,-403.5929870605469,1657.173828125,True,255.01348254252463,108.59222918531782
20231203_1437,-405.8385009765625,1661.1495361328125,True,255.04685680503056,108.53178129310808
20231203_1445,-408.0840148925781,1665.125244140625,True,255.0263610623275,108.49767929464893
20231203_1449,-410.32952880859375,1669.1009521484375,True,254.99557545902374,108.5428750559785
20231203_1454,-412.5750427246094,1673.07666015625,True,255.0521996972113,108.52240905141137
20231203_1458,-414.820556640625,1677.0523681640625,True,255.00453287228228,108.52199697211299
20231203_1502,-417.0660705566406,1681.028076171875,True,255.01230951165104,108.51439245303303
20231203_1507,-419.31158447265625,1685.0037841796875,True,254.97106931737898,108.70896717015891
20231203_1515,-421.5570983886719,1688.9794921875,True,254.9710529381716,108.47811942679441
20231203_1519,-423.8026123046875,1692.9552001953125,True,254.99597652224563,108.4903983153367
20231203_1524,-426.0481262207031,1696.930908203125,True,254.98516498256282,108.7199588661361
20231203_1528,-428.29364013671875,1700.9066162109375,True,254.9573246527933,108.7112975201438
20231203_1532,-430.5391540527344,1704.88232421875,True,254.96791386464443,108.71418479038489
20231203_1537,-432.78466796875,1708.8580322265625,True,254.95668115397686,108.7123285221155
20231203_1545,-435.0301818847656,1712.833740234375,True,254.99083143253276,108.68606824992173
20231203_1549,-437.27569580078125,1716.8094482421875,True,255.01432156300413,108.47594550994802
20231203_1554,-439.5212097167969,1720.78515625,True,254.97798405866126,108.18448460232021
20231203_1558,-441.7667236328125,1724.7608642578125,True,254.99434055338804,108.39182923001032
20231203_1602,-444.0122375488281,1728.736572265625,True,255.0559788691409,108.57701571383802
20231203_1607,-446.25775146484375,1732.7122802734375,True,255.01537716213306,108.36153376875045
20231203_1615,-448.5032653808594,1736.68798828125,True,255.00370466716302,108.37841425893201
20231203_1619,-450.748779296875,1740.6636962890625,True,255.02119396559456,108.39124078425745
20231203_1624,-452.9942932128906,1744.639404296875,True,255.00820892844325,108.36156965477643
20231203_1628,-455.23980712890625,1748.6151123046875,True,254.99597146830558,108.35259970391638
20231203_1632,-457.4853210449219,1752.5908203125,True,254.98624766757573,108.36933938567533
20231203_1637,-459.7308349609375,1756.5665283203125,True,254.94947474185648,108.366003104002
20231203_1645,-461.9763488769531,1760.542236328125,True,254.96698604083684,108.36493881652133
20231203_1649,-464.22186279296875,1764.5179443359375,True,254.93232974781773,108.36406290651044
20231203_1654,-466.4673767089844,1768.49365234375,True,254.95028888250914,108.36097753534773
20231203_1658,-468.712890625,1772.4693603515625,True,254.89814117056017,108.36597050274518
20231203_1702,-470.9584045410156,1776.445068359375,True,254.92410674227878,108.34349370995818
20231203_1707,-473.20391845703125,1780.4207763671875,True,254.8990973044758,108.34207314884605
20231203_1715,-475.4494323730469,1784.396484375,True,254.9465313759355,108.07202612262522
20231203_1719,-477.6949462890625,1788.3721923828125,True,254.94260090492853,108.07303294983313
20231203_1724,-479.9404602050781,1792.347900390625,True,254.95291376968672,108.08272245657903
20231203_1728,-482.18597412109375,1796.3236083984375,True,254.93861357700007,108.30803615506827
20231203_1732,-484.4314880371094,1800.29931640625,True,254.94699068244773,108.09152966147425
20231203_1737,-486.677001953125,1804.2750244140625,True,254.9108033191137,108.01929549831705
20231203_1745,-488.9225158691406,1808.250732421875,True,254.92485845241305,108.17105239507504
20231203_1749,-491.16802978515625,1812.2264404296875,True,254.94210961514264,108.1628947888767
20231203_1754,-493.4135437011719,1816.2021484375,True,254.92485439864615,107.99657037923865
20231203_1758,-495.6590576171875,1820.1778564453125,True,254.891882158035,107.97051249729886
20231203_1802,-497.9045715332031,1824.153564453125,True,254.85835418654472,107.99973895979981
20231203_1807,-500.15008544921875,1828.1292724609375,True,254.89333393347437,107.99094387180988
20231203_1815,-502.3955993652344,1832.10498046875,True,254.90253520112356,107.98271453779394
20231203_1819,-504.64111328125,1836.0806884765625,True,254.88451601868772,107.99603921180315
20231203_1824,-506.8866271972656,1840.056396484375,True,254.86265348745093,107.99077274855064
20231203_1828,-509.13214111328125,1844.0321044921875,True,254.8692587457914,107.98881907059649
20231203_1832,-511.3776550292969,1848.0078125,True,254.85678410052387,108.00439251831716
20231203_1837,-513.6231689453125,1851.9835205078125,True,254.88758573511674,108.00413148751552
20231203_1845,-515.86865234375,1855.959228515625,True,254.93132611333303,108.1661978160248
20231203_1849,-518.1141357421875,1859.9349365234375,True,254.91106976911394,108.16783053376113
20231203_1854,-520.359619140625,1863.91064453125,True,254.95838912904762,108.1700473626976
20231203_1858,-522.6051025390625,1867.8863525390625,True,254.89871058365898,107.96489221848043
20231203_1902,-524.8505859375,1871.862060546875,True,254.90498572804955,107.96395544630235
20231203_1907,-527.0960693359375,1875.8377685546875,True,254.9419656926748,107.96153257394984
20231203_1915,-529.341552734375,1879.8134765625,True,254.9730364161278,108.09000152895572
20231203_1919,-531.5870361328125,1883.7891845703125,True,254.94476958815795,107.9690623255479
20231203_1924,-533.83251953125,1887.764892578125,True,254.92149869404665,107.93766549581194
20231203_1928,-536.0780029296875,1891.7406005859375,True,255.02808973609675,108.11693566515308
20231203_1932,-538.323486328125,1895.71630859375,True,255.02017822298555,108.11135789369565
20231203_1937,-540.5689697265625,1899.6920166015625,True,255.02449071367542,108.08797049961775
20231203_1945,-542.814453125,1903.667724609375,True,255.01758330710078,108.08824931420605
20231203_1949,-545.0599365234375,1907.6434326171875,True,255.02289485989712,108.1064440128053
20231203_1954,-547.305419921875,1911.619140625,True,255.02868653441485,108.10452150141184
20231203_1958,-549.5509033203125,1915.5948486328125,True,254.97200557729502,108.06916745378491
20231203_2002,-551.79638671875,1919.570556640625,True,254.9649667485579,108.02788801598228
20231203_2007,-554.0418701171875,1923.5462646484375,True,254.958466367471,108.0904782033871
20231203_2015,-556.287353515625,1927.52197265625,True,254.9411844082007,108.06548159876216
20231203_2019,-558.5328369140625,1931.4976806640625,True,254.9751208467358,108.19777534187497
20231203_2024,-560.7783203125,1935.473388671875,True,254.93313203749136,108.17962059328354
20231203_2028,-563.0238037109375,1939.4490966796875,True,254.95420919056104,108.01910650323092
20231203_2032,-565.269287109375,1943.4248046875,True,254.942177697369,108.0048065239111
20231203_2037,-567.5147705078125,1947.4005126953125,True,254.95347395098455,108.17158109480458
20231203_2045,-569.76025390625,1951.376220703125,True,254.93722194760258,108.1659731272188
20231203_2049,-572.0057373046875,1955.3519287109375,True,254.93906330046826,108.16404375219075
20231203_2054,-574.251220703125,1959.32763671875,True,254.97617425600575,108.45475977052708
20231203_2058,-576.4967041015625,1963.3033447265625,True,254.96414195867027,108.20051212938006
20231203_2102,-578.7421875,1967.279052734375,True,254.96144411598215,108.19369591977932
20231203_2107,-580.9876708984375,1971.2547607421875,True,254.96062716204682,108.19562424187968
20231203_2115,-583.233154296875,1975.23046875,True,254.96194857721937,108.40337377922462
20231203_2119,-585.4786376953125,1979.2061767578125,True,254.9436636172469,108.17837308362839
20231203_2124,-587.72412109375,1983.181884765625,True,254.95801160465263,108.40305989758491
20231203_2128,-589.9696044921875,1987.1575927734375,True,254.96820329803356,108.41681835708073
20231203_2132,-592.215087890625,1991.13330078125,True,254.947388247112,108.39233694482313
20231203_2137,-594.4605712890625,1995.1090087890625,True,254.94153945503794,108.3904245968393
20231203_2145,-596.7060546875,1999.084716796875,True,254.93419199756033,108.38749316088294
20231203_2149,-598.9515380859375,2003.0604248046875,True,254.93443593377222,108.39037078228425
20231203_2154,-601.197021484375,2007.0361328125,True,254.9171121318756,108.57267574609826
20231203_2158,-603.4425048828125,2011.0118408203125,True,254.91857805365936,108.37767870758246
20231203_2202,-605.68798828125,2014.987548828125,True,254.9320473555066,108.558128705246
20231203_2207,-607.9334716796875,2018.9632568359375,True,254.9346125553941,108.3705796867431
20231203_2215,-610.178955078125,2022.93896484375,True,254.91146529378526,108.38947736629206
20231203_2219,-612.4244384765625,2026.9146728515625,True,254.89388952169116,108.39340968815304
20231203_2224,-614.669921875,2030.890380859375,True,254.93925174950655,108.35719540642383
20231203_2228,-616.9154052734375,2034.8660888671875,True,254.9957213591188,108.38013526604715
20231203_2232,-619.160888671875,2038.841796875,True,254.9885746008721,108.57246084830902
20231203_2237,-621.4063720703125,2042.8175048828125,True,255.01687907514867,108.39483762186208
20231203_2245,-623.65185546875,2046.793212890625,True,254.97319726064188,108.59583724989929
20231203_2249,-625.8973388671875,2050.76904296875,True,254.99843272821715,108.55109753803993
20231203_2254,-628.142822265625,2054.744873046875,True,255.00875461949695,108.38046715223709
20231203_2258,-630.3883056640625,2058.720703125,True,254.9370082272405,108.35579899335181
20231203_2302,-632.6337890625,2062.696533203125,True,254.91637811944958,108.37483629056854
20231203_2307,-634.8792724609375,2066.67236328125,True,254.95827363896848,108.57202722063037
20231203_2315,-637.124755859375,2070.648193359375,True,254.9117778973807,108.37664155005382
20231203_2319,-639.3702392578125,2074.6240234375,True,254.947473243202,108.36339903289763
20231203_2324,-641.61572265625,2078.599853515625,True,254.94686844040976,108.37469276449166
20231203_2328,-643.8612060546875,2082.57568359375,True,254.99164647824136,108.34709735307312
20231203_2332,-646.106689453125,2086.551513671875,True,254.9946977445228,108.35859754894045
20231203_2337,-648.3521728515625,2090.52734375,True,255.03377729943045,108.39082470065922
20231203_2345,-650.59765625,2094.503173828125,True,255.03237464912516,108.4026025271956
20231203_2349,-652.8431396484375,2098.47900390625,True,255.02593698711223,108.39668702522847
20231204_0002,-655.088623046875,2102.454833984375,True,255.026980162438,108.20337094803422
20231204_0007,-657.3341064453125,2106.4306640625,True,255.03400156349684,108.18840136940757
20231204_0015,-659.57958984375,2110.406494140625,True,255.05588836675395,108.40313699465509
20231204_0019,-661.8250732421875,2114.38232421875,True,255.02908076795467,108.41235865383753
20231204_0024,-664.070556640625,2118.358154296875,True,255.0419826068207,108.20725374636145
20231204_0028,-666.3160400390625,2122.333984375,True,255.02567696260758,108.2052629687528
20231204_0032,-668.5615234375,2126.309814453125,True,255.04110708863715,108.21757292106469
20231204_0037,-670.8070068359375,2130.28564453125,True,255.04112573518864,108.4303991536365
20231204_0045,-673.052490234375,2134.261474609375,True,255.04609855801627,108.20388122725844
20231204_0049,-675.2979736328125,2138.2373046875,True,255.04828032228798,108.22759568486198
20231204_0054,-677.54345703125,2142.213134765625,True,255.04074316979165,108.20569236436162
20231204_0058,-679.7889404296875,2146.18896484375,True,255.03718844902875,108.19711046020593
20231204_0102,-682.034423828125,2150.164794921875,True,255.02547284244577,108.19412372523473
20231204_0107,-684.2799072265625,2154.140625,True,255.05709742050834,108.20001617236143
20231204_0115,-686.525390625,2158.116455078125,True,255.04026562191112,108.18565677623421
20231204_0119,-688.7708740234375,2162.09228515625,True,255.0254445153233,108.20045641997825
20231204_0124,-691.016357421875,2166.068115234375,True,255.02767768082603,108.18163927355074
20231204_0128,-693.2618408203125,2170.0439453125,True,254.99013217128245,107.9735837504952
20231204_0132,-695.50732421875,2174.019775390625,True,254.96711720617574,108.1739400039542
20231204_0137,-697.7528076171875,2177.99560546875,True,254.96849077460928,108.1691935759286
20231204_0145,-699.998291015625,2181.971435546875,True,254.96773352747144,108.16119754451245
20231204_0149,-702.2437744140625,2185.947265625,True,255.0004950896112,107.99576923423139
20231204_0154,-704.4892578125,2189.923095703125,True,255.04030668718448,108.02709610071723
20231204_0158,-706.7347412109375,2193.89892578125,True,255.01826442934905,108.04870214584551
20231204_0202,-708.980224609375,2197.874755859375,True,255.00074665131385,108.06624506355531
20231204_0207,-711.2257080078125,2201.8505859375,True,254.99297491297347,108.07612459859858
20231204_0215,-713.47119140625,2205.826416015625,True,255.0054478549632,108.31777059773829
20231204_0219,-715.7166748046875,2209.80224609375,True,255.01869385337486,108.3246340653522
20231204_0224,-717.962158203125,2213.778076171875,True,255.02486562155082,108.33607623901865
20231204_0228,-720.2076416015625,2217.75390625,True,255.01678715292763,108.11786973097396
20231204_0232,-722.453125,2221.729736328125,True,255.01863091545053,108.11484268925395
20231204_0237,-724.6986083984375,2225.70556640625,True,255.0034908242473,108.33243594920806
20231204_0245,-726.944091796875,2229.681396484375,True,255.05316068698858,108.11188742019603
20231204_0249,-729.1895751953125,2233.6572265625,True,255.08164199192464,108.34708838043966
20231204_0254,-731.43505859375,2237.633056640625,True,255.0632901170876,108.35184603651697
20231204_0258,-733.6805419921875,2241.60888671875,True,255.0784373514614,108.39800722850507
20231204_0302,-735.926025390625,2245.584716796875,True,255.03936767139055,108.10954247895835
20231204_0307,-738.1715087890625,2249.560546875,True,255.1207900189253,108.38623745414428
20231204_0315,-740.4169921875,2253.536376953125,True,255.07800642279193,108.37423527512155
20231204_0319,-742.6624755859375,2257.51220703125,True,255.10612230254543,108.38915995479577
20231204_0324,-744.907958984375,2261.488037109375,True,255.09894534823238,108.40114433304038
20231204_0328,-747.1534423828125,2265.4638671875,True,255.10469433881036,108.39144902059267
20231204_0332,-749.39892578125,2269.439697265625,True,255.1275605381166,108.39513901345292
20231204_0337,-751.6444091796875,2273.41552734375,True,255.09603753066892,108.1690228185748
20231204_0345,-753.889892578125,2277.391357421875,True,255.1161866664275,108.38849075726728
20231204_0349,-756.1353759765625,2281.3671875,True,255.12714850579658,108.42558571159589
20231204_0354,-758.380859375,2285.343017578125,True,255.09942690068968,108.39444299948879
20231204_0358,-760.6263427734375,2289.31884765625,True,255.12671585988002,108.42748782871438
20231204_0402,-762.871826171875,2293.294677734375,True,255.1145139455447,108.43542733165383
20231204_0407,-765.1173095703125,2297.2705078125,True,255.12219424557128,108.49451169792385
20231204_0415,-767.36279296875,2301.246337890625,True,255.12994066718053,108.46733109864306
20231204_0419,-769.6082763671875,2305.22216796875,True,255.11426445673513,108.45115053291143
20231204_0424,-771.853759765625,2309.197998046875,True,255.14816473897812,108.51157061073832
20231204_0428,-774.0992431640625,2313.173828125,True,255.09026045438696,108.73128403208068
20231204_0432,-776.3447265625,2317.149658203125,True,255.05780935782278,108.77204272243821
20231204_0437,-778.5902099609375,2321.12548828125,True,255.1008733897714,108.7505430750114
20231204_0445,-780.835693359375,2325.101318359375,True,255.08425776117136,108.75811425659911
20231204_0449,-783.0811767578125,2329.0771484375,True,255.08069720670392,108.76208268156425
20231204_0454,-785.32666015625,2333.052978515625,True,255.11302334313788,108.74075795910704
20231204_0458,-787.5721435546875,2337.02880859375,True,255.08392708677889,108.74673472854218
20231204_0502,-789.817626953125,2341.004638671875,True,255.11925884936005,108.92488531086556
20231204_0507,-792.0631103515625,2344.98046875,True,255.13948882644186,108.97608278692181
20231204_0515,-794.30859375,2348.956298828125,True,255.13722090133896,108.76505657948837
20231204_0519,-796.5540771484375,2352.93212890625,True,255.1547962713046,108.7755990311827
20231204_0524,-798.799560546875,2356.907958984375,True,255.1534687092219,108.77265252131635
20231204_0528,-801.0450439453125,2360.8837890625,True,255.18201607651062,108.97022901444387
20231204_0532,-803.29052734375,2364.859619140625,True,255.16365553351562,108.80366875748315
20231204_0537,-805.5360107421875,2368.83544921875,True,255.13486606503366,108.58608186506231
20231204_0545,-807.781494140625,2372.811279296875,True,255.13842999256812,108.5714669460338
20231204_0558,-810.0269775390625,2376.787109375,True,255.1666383875548,108.86348333169612
20231204_0602,-812.2724609375,2380.762939453125,True,255.1807475266974,108.87996892746169
20231204_0607,-814.5179443359375,2384.73876953125,True,255.1736735440902,108.89249078199073
20231204_0615,-816.763427734375,2388.714599609375,True,255.13894742481605,108.87632152296592
20231204_0619,-819.0089111328125,2392.6904296875,True,255.19270264951606,108.68297046353113
20231204_0624,-821.25439453125,2396.666259765625,True,255.18338849628768,108.67921102066374
20231204_0628,-823.4998779296875,2400.64208984375,True,255.16943818617457,108.74036226442084
20231204_0632,-825.745361328125,2404.617919921875,True,255.17915571528187,108.7461871301114
20231204_0637,-827.9908447265625,2408.59375,True,255.18411429695394,108.73679693157739
20231204_0645,-830.236328125,2412.569580078125,True,255.1718132565666,108.74178840273929
20231204_0649,-832.4818115234375,2416.54541015625,True,255.18243086218916,108.76549455657054
20231204_0654,-834.727294921875,2420.521240234375,True,255.17155881301395,108.76747407937076
20231204_0658,-836.9727783203125,2424.4970703125,True,255.17248777522505,108.75057883303684
20231204_0702,-839.21826171875,2428.472900390625,True,255.16633592562795,108.7574237954769
20231204_0707,-841.4637451171875,2432.44873046875,True,255.17345251396648,108.76212737430167
20231204_0715,-843.709228515625,2436.424560546875,True,255.18649204362598,108.74759520829609
20231204_0719,-845.9547119140625,2440.400390625,True,255.209977928101,108.79331945275987
20231204_0724,-848.2001953125,2444.376220703125,True,255.1746956723808,108.7728759630338
20231204_0728,-850.4456787109375,2448.35205078125,True,255.19298324022347,108.76233296089386
20231204_0732,-852.691162109375,2452.327880859375,True,255.25956477054382,108.78156307252335
20231204_0737,-854.9366455078125,2456.3037109375,True,255.19534127069255,108.76304122421251
20231204_0745,-857.18212890625,2460.279541015625,True,255.16564345906724,108.78921923451561
20231204_0749,-859.4276123046875,2464.25537109375,True,255.16049603316418,108.81363019083696
20231204_0754,-861.673095703125,2468.231201171875,True,255.18800654091197,108.79670452413079
20231204_0758,-863.9185791015625,2472.20703125,True,255.18629316892284,108.80085779386141
20231204_0802,-866.1640625,2476.182861328125,True,255.2000142956702,108.80783938814531
20231204_0807,-868.4095458984375,2480.15869140625,True,255.18381715674448,108.80719436030772
20231204_0815,-870.655029296875,2484.134521484375,True,255.18328390738887,108.83751965127912
20231204_0819,-872.9005126953125,2488.1103515625,True,255.11666741081396,108.8698575702103
20231204_0824,-875.14599609375,2492.086181640625,True,255.1521958539134,108.84634828199106
20231204_0828,-877.3914794921875,2496.06201171875,True,255.14471098885394,108.85301157473563
20231204_0832,-879.636962890625,2500.037841796875,True,255.14018290940268,108.85319912832237
20231204_0837,-881.8824462890625,2504.013671875,True,255.14489529731276,108.82204116638079
20231204_0845,-884.1279296875,2507.989501953125,True,255.15796902077787,108.8317313704822
20231204_0849,-886.3734130859375,2511.96533203125,True,255.10403230128813,108.83183856502242
20231204_0854,-888.618896484375,2515.941162109375,True,255.16448878607346,108.84446091872918
20231204_0858,-890.8643798828125,2519.9169921875,True,255.10134077512723,108.6915322760977
20231204_0902,-893.10986328125,2523.892822265625,True,255.11399867599434,108.67261276413018
20231204_0907,-895.3553466796875,2527.86865234375,True,255.12122513238873,108.68266960068699
20231204_0915,-897.600830078125,2531.844482421875,True,255.14694978694513,108.82918092243374
20231204_0919,-899.8463134765625,2535.8203125,True,255.16602509712857,108.91486625284688
20231204_0924,-902.091796875,2539.796142578125,True,255.1667619268759,108.93314519442013
20231204_0928,-904.3372802734375,2543.77197265625,True,255.1693031897314,108.92651380490027
20231204_0932,-906.582763671875,2547.747802734375,True,255.1616807653485,108.92264334652387
20231204_0937,-908.8282470703125,2551.7236328125,True,255.11435392580273,108.72661105001028
20231204_0945,-911.07373046875,2555.699462890625,True,255.1401977686268,108.90918185959679
20231204_0949,-913.3192138671875,2559.67529296875,True,255.11610955282012,108.90641023350544
20231204_0954,-915.564697265625,2563.651123046875,True,255.13134715025907,108.91021976058603
20231204_0958,-917.8101806640625,2567.626953125,True,255.1206690134553,108.95086932437503
20231204_1002,-920.0556640625,2571.602783203125,True,255.09632465406668,108.6893889927459
20231204_1007,-922.3011474609375,2575.57861328125,True,255.10054831524997,108.68741558360242
20231204_1015,-924.546630859375,2579.554443359375,True,255.11565295169947,108.69009838998211
20231204_1019,-926.7921142578125,2583.5302734375,True,255.1493462971734,108.9420827338451
20231204_1024,-929.03759765625,2587.506103515625,True,255.11618112559685,108.72359926319366
20231204_1028,-931.2830810546875,2591.48193359375,True,255.1598967313138,108.92443340688398
20231204_1032,-933.528564453125,2595.457763671875,True,255.1476438667227,108.98067175053863
20231204_1037,-935.7740478515625,2599.43359375,True,255.07882663327817,108.70484282073068
20231204_1045,-938.01953125,2603.409423828125,True,255.0679127168664,108.70970309425863
20231204_1049,-940.2650146484375,2607.38525390625,True,255.0569008996119,108.71596945254234
20231204_1054,-942.510498046875,2611.361083984375,True,255.07623442712386,108.70291468791643
20231204_1058,-944.7559814453125,2615.3369140625,True,255.08767882689557,108.72937231759657
20231204_1102,-947.00146484375,2619.312744140625,True,255.0745506572476,108.71970848609496
20231204_1107,-949.2469482421875,2623.28857421875,True,255.10898515916261,108.47887689991397
20231204_1115,-951.492431640625,2627.264404296875,True,255.07338030435793,108.73137998247527
20231204_1119,-953.7379150390625,2631.240234375,True,255.05557741139444,108.73327134222667
20231204_1124,-955.9833984375,2635.216064453125,True,255.08677460106978,108.5054250925088
20231204_1128,-958.2288818359375,2639.19189453125,True,255.0492228442648,108.70807025702481
20231204_1132,-960.474365234375,2643.167724609375,True,255.05207904855584,108.71962800679603
20231204_1137,-962.7198486328125,2647.1435546875,True,255.03786002342778,108.72275625262668
20231204_1145,-964.96533203125,2651.119384765625,True,255.0768079711119,108.49759415069488
20231204_1149,-967.2108154296875,2655.09521484375,True,255.02400815472518,108.72653057574864
20231204_1154,-969.456298828125,2659.071044921875,True,255.07908647815648,108.50622692900404
20231204_1158,-971.7017822265625,2663.046875,True,255.05005498091313,108.74585408155055
20231204_1202,-973.947265625,2667.022705078125,True,255.0625804605922,108.74487734229724
20231204_1207,-976.1927490234375,2670.99853515625,True,255.05042512673336,108.73794133161674
20231204_1215,-978.438232421875,2674.974365234375,True,255.0336900834205,108.7322496714144
20231204_1219,-980.6837158203125,2678.9501953125,True,255.0416927451226,108.73114751166824
20231204_1224,-982.92919921875,2682.926025390625,True,255.06396363343504,108.64136338824709
20231204_1228,-985.1746826171875,2686.90185546875,True,255.0725989029181,108.64118441893137
20231204_1232,-987.420166015625,2690.877685546875,True,255.03607246700963,108.6654439722657
20231204_1237,-989.6656494140625,2694.853515625,True,255.0567563448591,108.44286264982473
20231204_1245,-991.9111328125,2698.829345703125,True,255.02769057393544,108.6977470104734
20231204_1249,-994.1566162109375,2702.80517578125,True,255.0373470009498,108.49728499489257
20231204_1254,-996.402099609375,2706.781005859375,True,255.05272450259903,108.47517476250223
20231204_1258,-998.6475830078125,2710.7568359375,True,255.03193891816323,108.48390507939922
20231204_1302,-1000.89306640625,2714.732666015625,True,255.03405087009924,108.43462824662225
20231204_1307,-1003.1385498046875,2718.70849609375,True,255.01580230536186,108.46208522309664
20231204_1315,-1005.384033203125,2722.684326171875,True,255.01732653299032,108.45892455383954
20231204_1319,-1007.6295166015625,2726.66015625,True,255.00443021514346,108.40353520406791
20231204_1324,-1009.875,2730.635986328125,True,254.97970330774197,108.39278539140417
20231204_1328,-1012.1204833984375,2734.61181640625,True,255.00815056578736,108.42200921758155
20231204_1332,-1014.365966796875,2738.587646484375,True,254.9989596599164,108.39867446323832
20231204_1337,-1016.6114501953125,2742.5634765625,True,254.9936918396564,108.65181639226915
20231204_1345,-1018.85693359375,2746.539306640625,True,255.0183050969067,108.39527708768688
20231204_1349,-1021.1024169921875,2750.51513671875,True,255.0266896254843,108.40028160424738
20231204_1354,-1023.347900390625,2754.490966796875,True,255.0240744559711,108.4247146482081
20231204_1358,-1025.5933837890625,2758.466796875,True,255.02327917070195,108.41181534488325
20231204_1402,-1027.8388671875,2762.442626953125,True,255.00233158763183,108.408036803214
20231204_1407,-1030.0843505859375,2766.41845703125,True,255.01208784310913,108.41302222979456
20231204_1415,-1032.329833984375,2770.394287109375,True,255.00161941146473,108.66111354669005
20231204_1419,-1034.5753173828125,2774.3701171875,True,255.00567210914784,108.66683068664729
20231204_1424,-1036.82080078125,2778.345947265625,True,255.03015683707417,108.41316570567716
20231204_1428,-1039.0662841796875,2782.32177734375,True,255.01828458639872,108.35739278664992
20231204_1432,-1041.311767578125,2786.297607421875,True,254.99258880424932,108.35038087803828
20231204_1437,-1043.5572509765625,2790.2734375,True,255.00800007174954,108.39560892922806
20231204_1445,-1045.802734375,2794.249267578125,True,255.0596897280642,108.53667908709828
20231204_1449,-1048.0482177734375,2798.22509765625,True,254.9892902555653,108.5662553503949
20231204_1454,-1050.293701171875,2802.200927734375,True,254.97065252445623,108.52171498190418
20231204_1458,-1052.5391845703125,2806.1767578125,True,254.99347933181065,108.53813426485736
20231204_1502,-1054.78466796875,2810.152587890625,True,254.99132050407496,108.3101820270707
20231204_1507,-1057.0301513671875,2814.12841796875,True,254.9779270375902,108.70139789466153
20231204_1515,-1059.275634765625,2818.104248046875,True,254.97549762056263,108.47593228237783
20231204_1519,-1061.5211181640625,2822.080078125,True,254.92363272167972,108.71821010838073
20231204_1524,-1063.7666015625,2826.055908203125,True,254.95124066705415,108.72469262753164
20231204_1528,-1066.0120849609375,2830.03173828125,True,254.95058526857972,108.71894589060082
20231204_1532,-1068.257568359375,2834.007568359375,True,254.97627691537306,108.7218506330925
20231204_1537,-1070.5030517578125,2837.9833984375,True,254.99720417581432,108.48955598369102
20231204_1545,-1072.74853515625,2841.959228515625,True,255.00855068566818,108.46482925517613
20231204_1549,-1074.9940185546875,2845.93505859375,True,255.02405990791667,108.53168276035042
20231204_1554,-1077.239501953125,2849.910888671875,True,255.0207057895539,108.45764276686715
20231204_1558,-1079.4849853515625,2853.88671875,True,254.96938036156757,108.68156649461942
20231204_1602,-1081.73046875,2857.862548828125,True,255.01328787716096,108.64639035040624
20231204_1607,-1083.9759521484375,2861.83837890625,True,255.01393201320724,108.6474762207289
20231204_1615,-1086.221435546875,2865.814208984375,True,255.06619228563235,108.47824060797247
20231204_1619,-1088.4669189453125,2869.7900390625,True,255.02730598848575,108.4096884696092
20231204_1624,-1090.71240234375,2873.765869140625,True,255.01693699509553,108.42610574638441
20231204_1628,-1092.9578857421875,2877.74169921875,True,254.99234392349297,108.56782119703428
20231204_1632,-1095.203369140625,2881.717529296875,True,254.97434195180594,108.36258590063338
20231204_1637,-1097.4488525390625,2885.693359375,True,254.9833614380023,108.38466023249138
20231204_1645,-1099.6943359375,2889.669189453125,True,255.01197706862368,108.35961709266752
20231204_1649,-1101.9398193359375,2893.64501953125,True,254.9634709750343,108.37043050783598
20231204_1654,-1104.185302734375,2897.620849609375,True,254.96192800050235,108.37051124487544
20231204_1658,-1106.4307861328125,2901.5966796875,True,254.94938230623615,108.36064882517068
20231204_1702,-1108.67626953125,2905.572509765625,True,254.95324780190202,108.35770680064597
20231204_1707,-1110.9217529296875,2909.54833984375,True,254.94011648255005,108.33122145145514
20231204_1715,-1113.167236328125,2913.524169921875,True,254.9474558018487,108.328475275958
20231204_1719,-1115.4127197265625,2917.5,True,254.947028144951,108.11296645985074
20231204_1724,-1117.658203125,2921.475830078125,True,254.98670005115366,108.32749104811136
20231204_1728,-1119.9036865234375,2925.45166015625,True,254.95743647402745,108.0791724758264
20231204_1732,-1122.149169921875,2929.427490234375,True,254.9482322891653,108.09262606912554
20231204_1737,-1124.3946533203125,2933.4033203125,True,254.93091847840753,108.07718600739388
20231204_1745,-1126.64013671875,2937.379150390625,True,254.94869215291752,108.22857681805117
20231204_1749,-1128.8856201171875,2941.35498046875,True,254.95255428530342,108.1649320534944
20231204_1754,-1131.131103515625,2945.330810546875,True,254.9495650298368,108.1725141994392
20231204_1758,-1133.3765869140625,2949.306640625,True,254.9135219276935,108.04291961345355
20231204_1802,-1135.6220703125,2953.282470703125,True,254.991691591891,108.23236596516756
20231204_1807,-1137.8675537109375,2957.25830078125,True,254.97254405345691,108.2411399112644
20231204_1815,-1140.113037109375,2961.234130859375,True,254.94513655102887,107.99996399445514
20231204_1819,-1142.3585205078125,2965.2099609375,True,254.86613861386138,108.00613861386138
20231204_1824,-1144.60400390625,2969.185791015625,True,254.884312472435,108.00674161348682
20231204_1828,-1146.8494873046875,2973.16162109375,True,254.88449284492845,108.01592115921159
20231204_1832,-1149.094970703125,2977.137451171875,True,254.90755218900762,107.80535641823346
20231204_1837,-1151.3404541015625,2981.11328125,True,254.870864681954,108.02178804132618
20231204_1845,-1153.5859375,2985.089111328125,True,254.9127026272918,108.00950469384264
20231204_1849,-1155.8314208984375,2989.06494140625,True,254.921444577435,108.02473024415266
20231204_1854,-1158.076904296875,2993.040771484375,True,254.8885089534779,108.03504004319265
20231204_1858,-1160.3223876953125,2997.0166015625,True,254.85775609931696,108.02472124479162
20231204_1902,-1162.56787109375,3000.992431640625,True,254.94307202360605,108.06265855808849
20231204_1907,-1164.8133544921875,3004.96826171875,True,254.93254211056723,108.0409678232076
20231204_1915,-1167.058837890625,3008.944091796875,True,254.92073851361084,107.99408576984013
20231204_1919,-1169.3043212890625,3012.919921875,True,254.97056365743862,108.19136318300671
20231204_1924,-1171.5498046875,3016.895751953125,True,254.9987599964058,108.19041243597808
20231204_1928,-1173.7952880859375,3020.87158203125,True,254.9364615024573,108.0039064609624
20231204_1932,-1176.040771484375,3024.847412109375,True,255.00541162510564,108.14347099117239
20231204_1937,-1178.2862548828125,3028.8232421875,True,255.00335262817285,108.15707018048465
20231204_1945,-1180.53173828125,3032.799072265625,True,255.02934592043155,108.1268869408856
20231204_1949,-1182.7772216796875,3036.77490234375,True,254.972437011099,107.99708347210846
20231204_1954,-1185.022705078125,3040.750732421875,True,254.98793001026084,108.00756962070889
20231204_1958,-1187.2681884765625,3044.7265625,True,255.01775296856601,108.15045528499132
20231204_2002,-1189.513671875,3048.702392578125,True,255.00214611544126,108.26233791889659
20231204_2007,-1191.7591552734375,3052.67822265625,True,254.9972669243909,108.13231142677336
20231204_2015,-1194.004638671875,3056.654052734375,True,254.97283077919275,108.09532160587092
20231204_2019,-1196.2501220703125,3060.6298828125,True,254.96351664957635,108.07769802291902
20231204_2024,-1198.49560546875,3064.605712890625,True,255.01386743308785,108.23851266391235
20231204_2028,-1200.7410888671875,3068.58154296875,True,255.02652658045977,108.25815373563218
20231204_2032,-1202.986572265625,3072.557373046875,True,254.95755879865396,108.04654406075112
20231204_2037,-1205.2320556640625,3076.533203125,True,255.02150779040008,108.25308248394774
20231204_2045,-1207.4775390625,3080.509033203125,True,254.99803269852677,108.21918792669781
20231204_2049,-1209.7230224609375,3084.48486328125,True,254.9546307688163,108.25215306278233
20231204_2054,-1211.968505859375,3088.460693359375,True,254.97724925227013,108.23602216693462
20231204_2058,-1214.2139892578125,3092.4365234375,True,254.93334890112357,108.24056726632597
20231204_2102,-1216.45947265625,3096.412353515625,True,254.96543145566892,108.24330004310964
20231204_2107,-1218.7049560546875,3100.38818359375,True,254.95200201189172,108.23770859904076
20231204_2115,-1220.950439453125,3104.364013671875,True,254.98648345837032,108.461776331711
20231204_2119,-1223.1959228515625,3108.33984375,True,254.9686840474544,108.2479860618416
20231204_2124,-1225.44140625,3112.315673828125,True,255.0043482548705,108.43428755861179
20231204_2128,-1227.6868896484375,3116.29150390625,True,255.0062302224055,108.4478140435488
20231204_2132,-1229.932373046875,3120.267333984375,True,254.97946617430895,108.46638941669953
20231204_2137,-1232.1778564453125,3124.2431640625,True,255.0216561194672,108.45623061615963
20231204_2145,-1234.42333984375,3128.218994140625,True,255.01249753456096,108.43681303903462
20231204_2149,-1236.6688232421875,3132.19482421875,True,254.99858704011734,108.71122855967519
20231204_2154,-1238.914306640625,3136.170654296875,True,255.02628252821427,108.45126706526709
20231204_2158,-1241.1597900390625,3140.146484375,True,255.02083015891512,108.46297806738431
20231204_2202,-1243.4052734375,3144.122314453125,True,254.99108271121426,108.47491956515894
20231204_2207,-1245.6507568359375,3148.09814453125,True,255.0726121032101,108.66137315248899
20231204_2215,-1247.896240234375,3152.073974609375,True,255.04548428439554,108.47050915511261
20231204_2219,-1250.1417236328125,3156.0498046875,True,255.09764844051173,108.43714083357987
20231204_2224,-1252.38720703125,3160.025634765625,True,255.07586843851436,108.41651871379638
20231204_2228,-1254.6326904296875,3164.00146484375,True,255.06658299341072,108.43878255412613
20231204_2232,-1256.878173828125,3167.977294921875,True,255.1289773083854,108.43285308277822
20231204_2237,-1259.1236572265625,3171.953125,True,255.15229823240472,108.45699329532825
20231204_2245,-1261.369140625,3175.928955078125,True,255.15179899965938,108.45540596260375
20231204_2249,-1263.6146240234375,3179.90478515625,True,255.10617033863363,108.45913629600416
20231204_2254,-1265.860107421875,3183.880615234375,True,255.101403678606,108.45706500304757
20231204_2258,-1268.1055908203125,3187.8564453125,True,255.09984851065354,108.45235256680321
20231204_2302,-1270.35107421875,3191.832275390625,True,255.0762796202157,108.43085254220573
20231204_2307,-1272.5965576171875,3195.80810546875,True,255.09360153462774,108.45178292905932
20231204_2315,-1274.842041015625,3199.783935546875,True,255.07351372668526,108.46460101639315
20231204_2319,-1277.0875244140625,3203.759765625,True,255.10701930488088,108.47154456971805
20231204_2324,-1279.3330078125,3207.735595703125,True,255.13885029446303,108.4524511693364
20231204_2328,-1281.5784912109375,3211.71142578125,True,255.15930726617543,108.45143333512613
20231204_2332,-1283.823974609375,3215.687255859375,True,255.16092747284264,108.46516151005629
20231204_2337,-1286.0694580078125,3219.6630859375,True,255.12367633982703,108.23711367984264
20231204_2345,-1288.31494140625,3223.638916015625,True,255.15924651396207,108.4811986952002
20231204_2349,-1290.5604248046875,3227.61474609375,True,255.12083363264134,108.26526470799512
20231205_0002,-1292.805908203125,3231.590576171875,True,255.12661489428558,108.28220137361404
20231205_0007,-1295.0513916015625,3235.56640625,True,255.09653463123772,108.25667435950395
20231205_0015,-1297.296875,3239.542236328125,True,255.11657582097862,108.25882490279362
20231205_0019,-1299.5423583984375,3243.51806640625,True,255.08301355616123,108.43082950796156
20231205_0024,-1301.787841796875,3247.493896484375,True,255.09337165439194,108.23838692293874
20231205_0028,-1304.0333251953125,3251.4697265625,True,255.0727290691721,108.22981020560312
20231205_0032,-1306.27880859375,3255.445556640625,True,255.05866769639715,108.25394231114623
20231205_0037,-1308.5242919921875,3259.42138671875,True,255.0758359372194,108.27027439571886
20231205_0045,-1310.769775390625,3263.397216796875,True,255.06870112496745,108.27844964581033
20231205_0049,-1313.0152587890625,3267.373046875,True,255.11573038753423,108.24375589384346
20231205_0054,-1315.2607421875,3271.348876953125,True,255.07407473916712,108.27261299764757
20231205_0058,-1317.5062255859375,3275.32470703125,True,255.0827726827691,108.22812564560896
20231205_0102,-1319.751708984375,3279.300537109375,True,255.08387809345928,108.26248159189684
20231205_0107,-1321.9971923828125,3283.2763671875,True,255.1264093941628,108.11998057868331
20231205_0115,-1324.24267578125,3287.252197265625,True,255.06012823045563,108.26012463856611
20231205_0119,-1326.4881591796875,3291.22802734375,True,255.0839648051715,108.27768001436523
20231205_0124,-1328.733642578125,3295.203857421875,True,255.10944973925552,108.12194749145837
20231205_0128,-1330.9791259765625,3299.1796875,True,255.0624708248052,108.29352041365938
20231205_0132,-1333.224609375,3303.155517578125,True,255.0953665488747,108.11546312031867
20231205_0137,-1335.4700927734375,3307.13134765625,True,255.11782580552358,108.1340711306099
20231205_0145,-1337.715576171875,3311.107177734375,True,255.12448308101693,108.13786004530907
20231205_0149,-1339.9610595703125,3315.0830078125,True,255.14469829058294,108.16713101935902
20231205_0154,-1342.20654296875,3319.058837890625,True,255.16873837193626,108.1617188412831
20231205_0158,-1344.4520263671875,3323.03466796875,True,255.13217910340427,108.14425177314527
20231205_0202,-1346.697509765625,3327.010498046875,True,255.13027574058097,108.16486015243025
20231205_0207,-1348.9429931640625,3330.986328125,True,255.0991352964441,108.15290511631251
20231205_0215,-1351.1884765625,3334.962158203125,True,255.14493430866838,108.17810348856018
20231205_0219,-1353.4339599609375,3338.93798828125,True,255.16327190720492,108.19841148617688
20231205_0224,-1355.679443359375,3342.913818359375,True,255.12744130992306,108.41287505156119
20231205_0228,-1357.9249267578125,3346.8896484375,True,255.14190713265094,108.1769458198909
20231205_0232,-1360.17041015625,3350.865478515625,True,255.13773272949464,108.18736072173101
20231205_0237,-1362.4158935546875,3354.84130859375,True,255.15144952281673,108.17785186649652
20231205_0245,-1364.661376953125,3358.817138671875,True,255.11389055815164,108.38828446628936
20231205_0249,-1366.9068603515625,3362.79296875,True,255.1356860986547,108.39460986547085
20231205_0254,-1369.15234375,3366.768798828125,True,255.180123107337,108.18442737116413
20231205_0258,-1371.3978271484375,3370.74462890625,True,255.19441126011623,108.22929821882495
20231205_0302,-1373.643310546875,3374.720458984375,True,255.1540096306459,108.41298792134076
20231205_0307,-1375.8887939453125,3378.6962890625,True,255.15060435421972,108.41783831282953
20231205_0315,-1378.13427734375,3382.672119140625,True,255.12186090714292,108.43077185149323
20231205_0319,-1380.3797607421875,3386.64794921875,True,255.1431952874934,108.4268064160383
20231205_0324,-1382.625244140625,3390.623779296875,True,255.14173517783018,108.43265584235111
20231205_0328,-1384.8707275390625,3394.599609375,True,255.16243286138285,108.41699918402482
20231205_0332,-1387.1162109375,3398.575439453125,True,255.21010607244543,108.23681728774284
20231205_0337,-1389.3616943359375,3402.55126953125,True,255.22140983724356,108.23009557000682
20231205_0345,-1391.607177734375,3406.527099609375,True,255.15961814270347,108.45337038365005
20231205_0349,-1393.8526611328125,3410.5029296875,True,255.15252854812397,108.45935141530573
20231205_0354,-1396.09814453125,3414.478759765625,True,255.1545570255638,108.45736976085476
20231205_0358,-1398.3436279296875,3418.45458984375,True,255.14809536613785,108.4634937707269
20231205_0402,-1400.589111328125,3422.430419921875,True,255.18983084203276,108.67725804864521
20231205_0407,-1402.8345947265625,3426.40625,True,255.1972812826769,108.77809654038305
20231205_0454,-1405.080078125,3430.382080078125,True,255.2459594291885,109.08494346324441
20231205_0458,-1407.3255615234375,3434.35791015625,True,255.19144051596305,108.83140085398317
20231205_0502,-1409.571044921875,3438.333740234375,True,255.24488794080634,109.10231258758111
20231205_0515,-1411.8165283203125,3442.3095703125,True,255.2718545441556,108.86345654095857
20231205_0524,-1414.06201171875,3446.285400390625,True,255.26205615489033,108.86063977995285
20231205_0645,-1416.3074951171875,3450.26123046875,True,255.18293195120862,108.79195746392028
20231205_0649,-1418.552978515625,3454.237060546875,True,255.20184461941318,108.78012923060423
20231205_0654,-1420.7984619140625,3458.212890625,True,255.20257045054385,108.774299069597
20231205_0658,-1423.0439453125,3462.188720703125,True,255.20402363056243,108.77610846463907
20231205_0702,-1425.2894287109375,3466.16455078125,True,255.19952808265703,108.77128096957563
20231205_0707,-1427.534912109375,3470.140380859375,True,255.17905444663944,108.7588740603016
20231205_0715,-1429.7803955078125,3474.1162109375,True,255.21805996157454,108.7915732094187
20231205_0719,-1432.02587890625,3478.092041015625,True,255.24434178900435,108.80331853069686
20231205_0724,-1434.2713623046875,3482.06787109375,True,255.23421080849238,108.79853813710773
20231205_0728,-1436.516845703125,3486.043701171875,True,255.26251921221004,108.79451871179897
20231205_0732,-1438.7623291015625,3490.01953125,True,255.24348401047206,108.80336320666208
20231205_0737,-1441.0078125,3493.995361328125,True,255.26018940409185,108.81585812561423
20231205_0745,-1443.2532958984375,3497.97119140625,True,255.2268398577784,108.82394718504887
20231205_0749,-1445.498779296875,3501.947021484375,True,255.2353645354083,108.82260557277755
20231205_0754,-1447.7442626953125,3505.9228515625,True,255.23240476424846,108.63911086452676
20231205_0758,-1449.98974609375,3509.898681640625,True,255.2437362107313,108.83839646994721
20231205_0802,-1452.2352294921875,3513.87451171875,True,255.2292595338699,108.82876106589961
20231205_0807,-1454.480712890625,3517.850341796875,True,255.2433380960886,108.86514556170745
20231205_0815,-1456.7261962890625,3521.826171875,True,255.2212248689299,108.84858390718362
20231205_0819,-1458.9716796875,3525.802001953125,True,255.2247737970828,108.84280572005324
20231205_0824,-1461.2171630859375,3529.77783203125,True,255.20935091839377,108.92651956888623
20231205_0828,-1463.462646484375,3533.753662109375,True,255.1736437153007,108.91795347840834
20231205_0832,-1465.7081298828125,3537.7294921875,True,255.17620067845027,108.90398143188716
20231205_0837,-1467.95361328125,3541.705322265625,True,255.19133047747658,108.70571558886395
20231205_0845,-1470.1990966796875,3545.68115234375,True,255.17250245513793,108.89488438532274
20231205_0849,-1472.444580078125,3549.656982421875,True,255.18014673069027,108.92585816033274
20231205_0854,-1474.6900634765625,3553.6328125,True,255.1776114871502,108.94902041326594
20231205_0858,-1476.935546875,3557.608642578125,True,255.20582189332188,108.77567746317746
20231205_0902,-1479.1810302734375,3561.58447265625,True,255.20518572807552,108.77197812019591
20231205_0907,-1481.426513671875,3565.560302734375,True,255.21239230686734,108.77983233832624
20231205_0915,-1483.6719970703125,3569.5361328125,True,255.21135032847758,108.91595258497573
20231205_0919,-1485.91748046875,3573.511962890625,True,255.21340450982842,108.99185874203282
20231205_0924,-1488.1629638671875,3577.48779296875,True,255.21218236039928,109.01068769085163
20231205_0928,-1490.408447265625,3581.463623046875,True,255.19857852066144,108.98542805100182
20231205_0932,-1492.6539306640625,3585.439453125,True,255.1825707243892,108.9586994570653
20231205_0937,-1494.8994140625,3589.415283203125,True,255.18162503793897,108.98787738122869
20231205_0945,-1497.1448974609375,3593.39111328125,True,255.2350509757709,108.97751173960398
20231205_0949,-1499.390380859375,3597.366943359375,True,255.2522334377538,109.01564522030934
20231205_0954,-1501.6358642578125,3601.3427734375,True,255.24945115747764,109.02653185071483
20231205_0958,-1503.88134765625,3605.318603515625,True,255.24989501710996,108.8092795940066
20231205_1002,-1506.1268310546875,3609.29443359375,True,255.2618875340569,108.83092590111215
20231205_1007,-1508.372314453125,3613.270263671875,True,255.24970296852806,108.82731974879624
20231205_1015,-1510.6177978515625,3617.24609375,True,255.2739976620294,109.0339005737844
20231205_1019,-1512.86328125,3621.221923828125,True,255.28049465992132,109.08618182142634
20231205_1024,-1515.1087646484375,3625.19775390625,True,255.24115749881622,108.8173874976548
20231205_1028,-1517.354248046875,3629.173583984375,True,255.26359522683256,109.0453308104924
20231205_1032,-1519.5997314453125,3633.1494140625,True,255.22172095267024,108.824134788901
20231205_1037,-1521.84521484375,3637.125244140625,True,255.22938517340575,108.82030482248467
20231205_1102,-1524.0906982421875,3641.10107421875,True,257.612160769495,467.33478922314373
20231205_1132,-1526.336181640625,3645.076904296875,True,260.7881267704525,466.9690337263637
20231205_1202,-1528.5816650390625,3649.052734375,True,258.11869522176886,467.33768742303886
20231205_1232,-1530.8271484375,3653.028564453125,True,262.032447177622,467.1803737646862
20231205_1302,-1533.0726318359375,3657.00439453125,True,259.76799171742954,467.0685960561481
20231205_1332,-1535.318115234375,3660.980224609375,True,261.42914785281965,467.0890575463541
20231205_1402,-1537.5635986328125,3664.9560546875,True,258.90190709046453,467.25652811735944
20231205_1432,-1539.80908203125,3668.931884765625,True,257.35048215890595,467.20481430202335
20231205_1502,-1542.0545654296875,3672.90771484375,True,258.8877742336069,467.2889283888091
20231205_1532,-1544.300048828125,3676.883544921875,True,258.3082568362923,467.46070191585727
20231205_1602,-1546.5455322265625,3680.859375,True,261.9945771120082,467.41340401731435
20231205_1632,-1548.791015625,3684.835205078125,True,261.10399433911624,467.4450869872874
20231205_1645,-1551.0364990234375,3688.81103515625,True,115.56414762741652,400.01230228471
20231205_1715,-1553.281982421875,3692.786865234375,True,33.58792650918635,462.01049868766404
20231205_1745,-1555.5274658203125,3696.7626953125,True,33.26980198019802,461.88861386138615
20231205_1815,-1557.77294921875,3700.738525390625,True,32.31556503198294,461.76972281449895
20231205_1845,-1560.0184326171875,3704.71435546875,True,30.327790973871736,461.3919239904988
20231205_1915,-1562.263916015625,3708.690185546875,True,29.742690058479532,461.27875243664715
20231205_1945,-1564.5093994140625,3712.666015625,True,118.86904761904762,441.81802721088434
20231205_2015,-1566.7548828125,3716.641845703125,True,118.50307692307692,440.8707692307692
20231205_2045,-1569.0003662109375,3720.61767578125,True,430.67732962447843,412.53407510431157
20231205_2115,-1571.245849609375,3724.593505859375,True,115.35068912710567,440.7549770290965
20231205_2145,-1573.4913330078125,3728.5693359375,True,114.73980309423348,440.65682137834034
20231205_2215,-1575.73681640625,3732.545166015625,True,430.59646539027983,411.16347569955815
20231205_2245,-1577.9822998046875,3736.52099609375,True,428.6923076923077,411.1098901098901
20231205_2315,-1580.227783203125,3740.496826171875,True,428.2403314917127,412.69613259668506
20231205_2345,-1582.4732666015625,3744.47265625,True,191.0728155339806,381.1990291262136
20231206_0015,-1584.71875,3748.448486328125,True,110.06481481481481,440.9695767195767
20231206_0045,-1586.9642333984375,3752.42431640625,True,108.96273291925466,440.3850931677019
20231206_0115,-1589.209716796875,3756.400146484375,True,122.88880540946657,436.6280991735537
20231206_0145,-1591.4552001953125,3760.3759765625,True,123.37049626104691,436.4847042828008
20231206_0215,-1593.70068359375,3764.351806640625,True,106.48024691358025,440.9691358024691
20231206_0245,-1595.9461669921875,3768.32763671875,True,145.40554156171285,430.0642317380353
20231206_0315,-1598.191650390625,3772.303466796875,True,145.23858447488584,430.208904109589
20231206_0345,-1600.4371337890625,3776.279296875,True,145.80240174672488,429.90393013100436
20231206_0415,-1602.6826171875,3780.255126953125,True,145.6629213483146,430.92808988764045
20231206_0445,-1604.9281005859375,3784.23095703125,True,143.75304022450888,430.2179607109448
20231206_0515,-1607.173583984375,3788.206787109375,True,142.9652706843718,430.46373850868235
20231206_0545,-1609.4190673828125,3792.1826171875,True,144.8475894245723,437.55987558320373
20231206_0615,-1611.66455078125,3796.158447265625,True,145.69195751138088,436.6464339908953
20231206_0645,-1613.9100341796875,3800.13427734375,True,143.24955436720143,440.8199643493761
20231206_0715,-1616.155517578125,3804.110107421875,True,131.41627543035995,410.1220657276995
20231206_0745,-1618.4010009765625,3808.0859375,True,127.42081447963801,411.10633484162895
20231206_0815,-1620.646484375,3812.061767578125,True,454.4347275031686,424.0760456273764
20231206_0845,-1622.8919677734375,3816.03759765625,True,127.88364779874213,409.6027253668763
20231206_0915,-1625.137451171875,3820.013427734375,True,123.85336538461539,412.49278846153845
20231206_0945,-1627.3829345703125,3823.9892578125,True,128.1183879093199,411.1889168765743
20231206_1015,-1629.62841796875,3827.965087890625,True,127.24968789013732,411.26591760299624
20231206_1045,-1631.8739013671875,3831.94091796875,True,125.01169590643275,410.65497076023394
20231206_1115,-1634.119384765625,3835.916748046875,True,123.41333333333333,409.51466666666664
20231206_1145,-1636.3648681640625,3839.892578125,True,123.3389175257732,408.3556701030928
20231206_1215,-1638.6103515625,3843.868408203125,True,73.19323671497584,454.19082125603865
20231206_1245,-1640.8558349609375,3847.84423828125,True,114.8,407.3974025974026
20231206_1315,-1643.101318359375,3851.820068359375,True,115.93829787234043,409.27659574468083
20231206_1345,-1645.3468017578125,3855.7958984375,True,116.05714285714286,408.44380952380953
20231206_1415,-1647.59228515625,3859.771728515625,True,116.68601583113457,405.754617414248
20231206_1445,-1649.8377685546875,3863.74755859375,True,118.82685512367492,404.57950530035333
20231206_1515,-1652.083251953125,3867.723388671875,True,461.6933701657459,463.89502762430936
20231206_1545,-1654.3287353515625,3871.69921875,True,460.7463976945245,465.47262247838614
20231206_1615,-1656.57421875,3875.675048828125,True,459.88695652173914,466.57971014492756
20231206_1645,-1658.8197021484375,3879.65087890625,True,458.47076023391816,468.2309941520468
20231206_1715,-1661.065185546875,3883.626708984375,True,458.2062780269058,470.6143497757848
20231206_1745,-1663.3106689453125,3887.6025390625,True,505.2891156462585,418.9557823129252
20231206_1815,-1665.55615234375,3891.578369140625,True,505.29,416.9066666666667
20231206_1845,-1667.8016357421875,3895.55419921875,True,504.9723926380368,416.8803680981595
20231206_1915,-1670.047119140625,3899.530029296875,True,162.2415902140673,467.8807339449541
20231206_1945,-1672.2926025390625,3903.505859375,True,161.06726457399103,471.0986547085202
20231206_2015,-1674.5380859375,3907.481689453125,True,178.35334476843911,382.15437392795883
20231206_2045,-1676.7835693359375,3911.45751953125,True,161.66594360086768,469.89370932754883
20231206_2115,-1679.029052734375,3915.433349609375,True,161.10642570281124,470.11044176706827
20231206_2145,-1681.2745361328125,3919.4091796875,True,193.64453961456104,432.13918629550324
20231206_2215,-1683.52001953125,3923.385009765625,True,194.25381679389312,430.17557251908397
20231206_2245,-1685.7655029296875,3927.36083984375,True,159.06371911573473,462.888166449935
20231206_2315,-1688.010986328125,3931.336669921875,True,159.13798008534852,462.8435277382646
20231206_2345,-1690.2564697265625,3935.3125,True,191.11725067385444,373.5835579514825
