timestamp,cx,cy,area_pixels_512
20231130_0015,443.12654320987656,365.4382716049383,324
20231130_0045,399.3298969072165,369.7938144329897,291
20231130_0115,317.454802259887,354.3305084745763,354
20231130_0145,316.343085106383,354.47872340425533,376
20231130_0215,316.09638554216866,353.9879518072289,415
20231130_0245,316.8010075566751,353.9294710327456,397
20231130_0315,316.70588235294116,353.4015345268542,391
20231130_0345,319.06209850107064,352.4475374732334,467
20231130_0415,318.8406862745098,351.49754901960785,408
20231130_0445,320.5813953488372,350.9651162790698,430
20231130_0515,391.53846153846155,359.6173570019724,507
20231130_0545,389.6394230769231,357.4182692307692,416
20231130_0615,389.19600725952813,356.7295825771325,551
20231130_0645,387.1002044989775,354.16564417177915,489
20231130_0715,385.90625,352.7204861111111,576
20231130_0745,460.8787061994609,439.0700808625337,742
20231130_0815,460.4378048780488,440.42439024390245,820
20231130_0945,462.84712482468444,456.64095371669003,713
20231130_1015,459.5294556301268,445.84638329604775,1341
20231130_1045,459.12045616535994,445.6414825374198,1403
20231130_1115,461.2674418604651,461.57751937984494,774
20231130_1145,461.8198198198198,463.8498498498499,666
20231130_1215,456.68722466960355,419.01762114537445,454
20231130_1245,464.46960167714883,466.9643605870021,477
20231130_1315,463.3274021352313,467.6743772241993,562
20231130_1345,456.1423149905123,418.0132827324478,527
20231130_1415,464.3420523138833,467.8470824949698,497
20231130_1445,464.87567567567567,468.27387387387387,555
20231130_1515,462.5091911764706,417.4375,544
20231130_1545,461.3027950310559,415.89596273291926,644
20231130_1615,351.85305343511453,335.2003816793893,1048
20231130_1645,464.6620046620047,417.6048951048951,858
20231130_1715,349.7249488752556,335.02965235173826,978
20231130_1745,469.3352380952381,417.9952380952381,1050
20231130_1815,337.09906213364593,337.1354044548652,1706
20231130_1845,342.3735135135135,337.65135135135137,1850
20231130_1915,342.2856412876852,338.0378129790496,1957
20231130_1945,343.00592255125287,338.09248291571754,2195
20231130_2015,343.11556503198295,337.82132196162047,2345
20231130_2045,345.0639717425432,337.7021193092622,2548
20231130_2115,343.4755517092168,338.7922977066205,2311
20231130_2145,332.4339622641509,341.688679245283,2014
20231130_2215,339.2104353835522,343.124395300622,2894
20231130_2245,333.685247921158,349.8894364028334,3247
20231130_2315,334.4782196969697,351.05808080808083,3168
20231130_2345,334.9290012033694,350.59687123947054,3324
20231201_0015,340.8772808586762,346.1592128801431,2795
20231201_0045,328.5317505720824,354.9187643020595,3496
20231201_0115,329.52177531206655,354.58613037447986,3605
20231201_0145,326.44221364221363,356.51866151866153,3885
20231201_0215,325.45661214305517,357.41530357637924,3607
20231201_0245,329.830751900873,355.3480709659251,3551
20231201_0315,319.3393103448276,374.2537931034483,2175
20231201_0345,320.77735849056603,374.27688679245284,2120
20231201_0415,480.7389451251998,391.64784230154504,1877
20231201_0445,478.4495798319328,391.75367647058823,1904
20231201_0515,322.4676862358165,374.09570794277255,2027
20231201_0545,478.1393665158371,391.68190045248866,2210
20231201_0615,474.92498805542283,388.6989966555184,2093
20231201_0645,473.4332386363636,387.8167613636364,2112
20231201_0715,471.4987518721917,385.9360958562157,2003
20231201_0745,470.5948693126815,385.85866408518876,2066
20231201_0815,473.05647155812034,389.5791426215993,2426
20231201_0845,471.3660869565217,388.7995652173913,2300
20231201_0915,464.69457831325303,380.1319277108434,1660
20231201_0945,462.03469640644363,377.97149938042133,1614
20231201_1015,312.80747663551404,341.4018691588785,1070
20231201_1115,457.21008403361344,378.96158463385353,833
20231201_1145,456.50359712230215,379.2601918465228,834
20231201_1215,454.84255319148934,378.7560283687943,705
20231201_1245,453.18454935622316,379.57510729613733,699
20231201_1315,325.6526019690577,338.65682137834034,711
20231201_1345,325.5904,337.1296,625
20231201_1415,289.8995433789954,338.2572298325723,657
20231201_1445,288.6623376623377,338.174025974026,770
20231201_1515,326.78125,337.7853260869565,736
20231201_1545,287.61055634807417,336.63480741797434,701
20231201_1615,288.2795275590551,337.00656167979,762
20231201_1645,287.5597633136095,335.93491124260356,845
20231201_1715,334.6221985058698,343.30202774813233,937
20231201_1745,334.7753058954394,340.4104560622914,899
20231201_1815,299.4488188976378,382.1466535433071,1016
20231201_1845,316.1045346062053,361.05775656324585,2095
20231201_1915,323.4640614096301,367.9916259595255,2866
20231201_1945,317.5923172242875,360.9529120198265,2421
20231201_2015,319.7193270414444,357.91423881821913,2437
20231201_2045,319.9061426936284,358.838229683327,2621
20231201_2115,321.05366795366797,357.0733590733591,2590
20231201_2145,322.88623395149784,355.64051355206846,2804
20231201_2215,322.0444579780755,371.59135200974424,1642
20231201_2245,322.30630136986304,370.5638356164384,1825
20231201_2315,321.2772083943387,370.0561249389946,2049
20231201_2345,322.4594594594595,367.40113798008537,2109
20231202_0015,324.13385826771656,366.0727188513201,2159
20231202_0045,322.74988692899143,365.7896879240163,2211
20231202_0115,319.09087102177557,368.1360971524288,2388
20231202_0145,319.0467365028203,367.11764705882354,2482
20231202_0215,316.7410782080486,361.7274107820805,2634
20231202_0245,318.06361122086133,362.3461082576057,2531
20231202_0315,314.55286521388217,360.9192897497982,2478
20231202_0345,315.4459869848156,362.5622559652928,2305
20231202_0415,314.19261822376006,345.45098039215685,1734
20231202_0445,316.2240566037736,344.5347877358491,1696
20231202_0515,492.6338383838384,358.5183080808081,1584
20231202_0545,493.22007978723406,358.3351063829787,1504
20231202_0615,494.228439763002,359.54904542462145,1519
20231202_0645,493.39052890528905,359.5959409594096,1626
20231202_0715,492.80781550288276,359.1095451633568,1561
20231202_0745,492.27524115755625,357.5704180064309,1555
20231202_0815,496.14234104046244,356.8699421965318,1384
20231202_0845,495.2127965492451,356.99496764917325,1391
20231202_0915,494.4099472494348,355.4717407686511,1327
20231202_0945,494.0068233510235,354.2236542835481,1319
20231202_1015,493.8706697459584,354.42494226327943,1299
20231202_1045,495.5058626465662,352.16582914572865,1194
20231202_1115,494.75805119735753,351.2774566473988,1211
20231202_1145,494.4707423580786,349.1703056768559,1145
20231202_1215,495.0350569675723,348.7248028045574,1141
20231202_1245,310.5013054830287,313.4569190600522,1149
20231202_1315,310.15056570931245,312.75543951261966,1149
20231202_1345,310.2125317527519,311.653683319221,1181
20231202_1415,313.2047377326565,310.08460236886634,1182
20231202_1445,313.1968085106383,309.9794832826748,1316
20231202_1515,311.7676685621446,310.7043054427295,1231
20231202_1545,309.5429029671211,311.13392141138735,1247
20231202_1615,310.1714087439278,309.8875780707842,1441
20231202_1645,309.78985507246375,310.9361001317523,1518
20231202_1715,309.55186440677966,311.76,1475
20231202_1745,254.96287502698036,108.09506978919347,111192
20231202_1749,254.9310689670706,107.90346412000541,110995
20231202_1754,254.88408564762685,107.92127048183546,111013
20231202_1758,254.94050567920806,107.92730973977427,111019
20231202_1802,254.9398432573642,107.91844878839744,111010
20231202_1807,254.9319322204906,107.91541974830416,111007
20231202_1815,254.8961674294569,107.90514072579192,110996
20231202_1819,254.87110378200103,107.8829805448172,110973
20231202_1824,254.88342253698798,107.8917932637725,110982
20231202_1828,254.88947781881225,107.66107434061419,110747
20231202_1832,254.82503671535017,107.89856652461054,110989
20231202_1837,254.88529361410718,107.88872669604159,110979
20231202_1845,254.89640102364476,107.88549776528258,110976
20231202_1849,254.9215544965633,107.91578008594053,111007
20231202_1854,254.90492621488676,107.90688120506675,110998
20231202_1858,254.92285310200074,107.91758325901503,111009
20231202_1902,254.90019731685123,107.89819711863338,110989
20231202_1907,254.93945319540063,107.88137548210359,110972
20231202_1915,254.92191907993762,107.8590072916385,110949
20231202_1919,254.91200511891566,107.8706392336046,110961
20231202_1924,254.9347904461469,107.860360522758,110950
20231202_1928,254.94348703897322,107.85806864477053,110948
20231202_1932,254.95196294026462,107.86600093730848,110956
20231202_1937,254.91314420675917,107.84182960579099,110931
20231202_1945,254.9607031313286,108.00896465441977,111103
20231202_1949,254.93656817321386,107.84831166958121,110938
20231202_1954,254.88446071447893,107.81747606080825,110906
20231202_1958,254.93701949910877,107.98860301398966,111082
20231202_2002,254.9338600980251,107.90027209168228,110992
20231202_2007,254.94540708402718,108.00131419055764,111095
20231202_2015,254.9326038993201,107.95218154802107,111045
20231202_2019,254.93788103921833,107.95204646764824,111045
20231202_2024,254.9355483702456,107.93618784281584,111029
20231202_2028,254.92626686602657,107.92958152438256,111022
20231202_2032,254.9468312772003,108.11426824443406,111212
20231202_2037,254.9244414475163,108.12743537873679,111225
20231202_2045,254.9416334715091,108.113208225805,111211
20231202_2049,254.95518255131304,108.13090111391813,111229
20231202_2054,254.95337819650067,108.3476357110812,111450
20231202_2058,254.94103211772003,108.14899278182783,111247
20231202_2102,254.9462736743701,108.15092270492319,111249
20231202_2107,254.9456154046318,108.34489039633189,111447
20231202_2115,254.9569235462482,108.35065004979677,111453
20231202_2119,254.93709707873654,108.12151700698621,111219
20231202_2124,254.99451929459465,108.3786440860408,111482
20231202_2128,254.94945398095888,108.34076613156502,111443
20231202_2132,254.96580690323623,108.32380234415666,111426
20231202_2137,254.9382199892338,108.35755427956218,111460
20231202_2145,254.96454015253477,108.34748317631225,111450
20231202_2149,254.96586004863036,108.35033601607853,111453
20231202_2154,254.9782121000018,108.33539726125738,111438
20231202_2158,254.9700455867045,108.33349186977279,111436
20231202_2202,254.9906230090719,108.34018287375609,111443
20231202_2207,254.99063173007897,108.33732053122756,111440
20231202_2215,254.94077743081726,108.34193855209791,111444
20231202_2219,255.03457621034684,108.33251671377933,111435
20231202_2224,255.02632995907817,108.32958216670256,111432
20231202_2228,254.9613451562528,108.319847067904,111422
20231202_2232,255.02926264593185,108.33641723274617,111439
20231202_2237,255.0358479222562,108.34038925728848,111443
20231202_2245,255.05499632820477,108.55385001164228,111662
20231202_2249,255.01537813921829,108.54434313760613,111652
20231202_2254,255.02378687818535,108.34545258775393,111448
20231202_2258,255.05916920868472,108.35710568813924,111460
20231202_2302,255.06402239348293,108.35802657431748,111461
20231202_2307,254.97205225286655,108.35547919395647,111458
20231202_2315,255.04682004163377,108.34535388701457,111448
20231202_2319,255.01973524792461,108.3229257347992,111425
20231202_2324,255.03524766690595,108.33742821249102,111440
20231202_2328,255.03767879255577,108.33936935805173,111442
20231202_2332,255.04041382899496,108.34420845783197,111447
20231202_2337,255.0348290463818,108.13062240962338,111229
20231202_2345,255.0451596694452,108.34622114150868,111449
20231202_2349,255.04269179004038,108.34723194257515,111450
20231203_0002,255.054706601467,108.14957572270963,111248
20231203_0007,255.0253422322694,108.37119866515958,111474
20231203_0015,255.03235637867482,108.13157421558932,111230
20231203_0019,255.06764288154181,108.14760081261349,111246
20231203_0024,255.0813573033708,108.15116404494383,111250
20231203_0028,255.06077874451714,108.15688142661969,111256
20231203_0032,255.00685441544576,108.35855590744745,111461
20231203_0037,255.0225443845374,108.36608384393867,111469
20231203_0045,255.04541458075397,108.3587500672875,111462
20231203_0049,255.0160840795483,108.12970654871076,111228
20231203_0054,254.9996217749561,107.95157818902247,111045
20231203_0058,255.02370294466616,108.15294107072232,111252
20231203_0102,255.02142009280243,108.10666882486241,111204
20231203_0107,255.02307809873147,108.13257095593855,111231
20231203_0115,255.02578301988564,108.1375364090762,111236
20231203_0119,255.01396243717804,108.12946496803833,111227
20231203_0124,255.02946200596972,108.13022800014384,111228
20231203_0128,255.007166557265,108.11297443598205,111211
20231203_0132,255.00174449450125,108.10911183648511,111207
20231203_0137,255.00507915923706,107.94843392590191,111042
20231203_0145,255.0484678261496,107.98933239710489,111084
20231203_0149,255.0149500467189,108.2039459498311,111304
20231203_0154,255.02600185470294,107.97496151041244,111069
20231203_0158,255.03498694516972,107.97568200234086,111070
20231203_0202,255.02511212374506,108.16190758666559,111261
20231203_0207,255.04915480026642,108.0033033898,111098
20231203_0215,255.10092023712073,108.07022767547923,111167
20231203_0219,255.05110825829735,108.2895566069072,111391
20231203_0224,255.0603789541872,108.05208370820887,111148
20231203_0228,255.0891147894926,108.0634850665707,111160
20231203_0232,255.0417832561069,108.049062036079,111145
20231203_0237,255.02500493813858,108.27716425146798,111378
20231203_0245,255.03644591591618,108.05483531412223,111151
20231203_0249,255.0281616641474,108.048027783776,111144
20231203_0254,255.02988942173596,108.04707448962148,111143
20231203_0258,255.02263751256643,108.30683613385035,111408
20231203_0302,255.05581733487708,108.31524812192035,111417
20231203_0307,255.07895873061562,108.07503687978988,111172
20231203_0315,255.07828269199632,108.07672657275982,111174
20231203_0319,255.03251514471617,108.32308727843841,111425
20231203_0324,255.09965626486454,108.32058013157068,111423
20231203_0328,255.07517724131742,108.3277573364444,111430
20231203_0332,255.07577579553816,108.33149667067502,111434
20231203_0337,255.06714589559272,108.32663848728787,111429
20231203_0345,255.145148536204,108.18686088097334,111286
20231203_0349,255.09401586674804,108.32532218113938,111428
20231203_0354,255.06681384558777,108.32653079539438,111429
20231203_0358,255.13054386532858,108.10601237365563,111204
20231203_0402,255.10470150728491,108.22715268670392,111326
20231203_0407,255.12728563979934,108.13940380085941,111238
20231203_0415,255.1318005326542,108.41216137449895,111517
20231203_0419,255.13225997629397,108.26353220071118,111364
20231203_0424,255.1411485831268,108.27145063391157,111372
20231203_0428,255.15393731538924,108.28209870447016,111383
20231203_0432,255.1159936194948,107.8719122590413,110963
20231203_0437,255.03376195660977,108.03543565701739,111131
20231203_0445,255.13082147043298,108.6521657435824,111763
20231203_0449,255.09684116331096,108.64016107382551,111750
20231203_0454,255.10205962350582,108.65718273566674,111768
20231203_0502,255.15342298836157,108.5057744169586,111613
20231203_0507,255.19311911426706,108.70463346360572,111817
20231203_0515,255.16705130957493,108.68015600400744,111792
20231203_0519,255.1767720584947,108.69281338043916,111805
20231203_0524,255.1881622834864,108.71622745441701,111829
20231203_0528,255.16941073360937,108.70457086131805,111817
20231203_0532,255.14112986165142,108.70632897808065,111819
20231203_0537,255.14862843786102,108.55220712692883,111661
20231203_0545,255.179595308443,108.58073238427791,111690
20231203_0549,255.19518855423843,108.58245890484547,111692
20231203_0554,255.18311622126654,108.7337076542062,111847
20231203_0558,255.1613417243324,108.59753641222126,111707
20231203_0602,255.17553281953508,108.60729342893204,111717
20231203_0607,255.17117841508085,108.81542035200572,111930
20231203_0615,255.14649584586735,108.5869055292938,111696
20231203_0619,255.16771098141717,108.60634107916502,111716
20231203_0624,255.19790632129914,108.65390775287433,111765
20231203_0628,255.1899359364375,108.65305465087148,111764
20231203_0632,255.1892012813859,108.64315371261878,111754
20231203_0637,255.17601985947806,108.47774770576427,111584
20231203_0645,255.15179825856623,108.63694774803798,111747
20231203_0649,255.15622259213518,108.62770946320857,111738
20231203_0654,255.11819882391902,108.61723665720909,111727
20231203_0658,255.1259879167599,108.61568136048334,111725
20231203_0702,255.1473770887968,108.6170218478971,111727
20231203_0707,255.12014071017464,108.60960087362042,111719
20231203_0715,255.189338153056,108.6520941635425,111763
20231203_0719,255.12078116189778,108.62091988794515,111731
20231203_0724,255.15670112319327,108.62495189510896,111735
20231203_0728,255.13775551281478,108.67349823321555,111785
20231203_0732,255.21508184989713,108.67812863404598,111790
20231203_0737,255.2012504360426,108.68887577034195,111801
20231203_0745,255.10703421372844,108.65679801016391,111768
20231203_0749,255.14981528029983,108.67935701442872,111791
20231203_0754,255.15721773977137,108.68233536683543,111794
20231203_0758,255.17491011215856,108.69397885623312,111806
20231203_0802,255.1657782229934,108.6942203459564,111806
20231203_0807,255.21536260395243,108.71732093355986,111830
20231203_0815,255.1910683294269,108.67051045785547,111782
20231203_0819,255.15635622025832,108.68419263658807,111796
20231203_0824,255.12724104030744,108.77695951380821,111890
20231203_0828,255.1440814283927,108.78835945738236,111902
20231203_0832,255.13224322030112,108.80165304025377,111915
20231203_0837,255.12008362967066,108.80846482371652,111922
20231203_0845,255.1438699064886,108.74525737989237,111858
20231203_0849,255.12584568910816,108.77758711603256,111891
20231203_0854,255.13327135220183,108.74911051116554,111862
20231203_0858,255.1342127415686,108.55742123833575,111666
20231203_0902,255.12125083761447,108.81148090238999,111925
20231203_0907,255.08477186447962,108.58001754888619,111688
20231203_0915,255.11559741445683,108.589365968952,111698
20231203_0919,255.09883184890123,108.60626594459114,111715
20231203_0924,255.14850609619936,108.8405073467018,111955
20231203_0928,255.1404568151569,108.83452286308945,111949
20231203_0932,255.10779900666697,108.63542887824958,111745
20231203_0937,255.10496594804056,108.6315049981654,111741
20231203_0945,255.1314779184751,108.63522305248557,111745
20231203_0949,255.13859977268456,108.6294400343658,111739
20231203_0954,255.13665678147777,108.83751071887951,111952
20231203_0958,255.09435752389817,108.61511403100498,111724
20231203_1002,255.1060983031431,108.62656619173767,111736
20231203_1007,255.12491497511903,108.6227759281137,111732
20231203_1015,255.11207274614924,108.62194914571604,111731
20231203_1019,255.10574509330974,108.825235172728,111939
20231203_1024,255.0860294774453,108.83598928092898,111950
20231203_1028,255.10766069593961,108.82129807477554,111935
20231203_1032,255.113247060087,108.62904293973402,111738
20231203_1037,255.0585345336746,108.63686395933635,111746
20231203_1045,255.05780486495195,108.62874760600691,111738
20231203_1049,255.08654913191336,108.63089314480042,111740
20231203_1054,255.0615092684586,108.61436767720166,111723
20231203_1058,255.06353880440716,108.61815854717302,111727
20231203_1102,255.08188843664269,108.43767370138602,111542
20231203_1107,255.0612281488122,108.4456207978485,111550
20231203_1115,255.05613232920925,108.43587950511028,111540
20231203_1119,255.05876297887576,108.61146616541353,111720
20231203_1124,255.0570914591034,108.62396069200683,111733
20231203_1128,255.04552940123511,108.62121184999552,111730
20231203_1132,255.06979699974937,108.61523933980165,111724
20231203_1137,255.06016396964057,108.61935235572103,111728
20231203_1145,255.0540308364131,108.6420971624415,111751
20231203_1149,255.05862139936107,108.64185555386528,111751
20231203_1154,255.05669798657718,108.64061744966443,111750
20231203_1158,255.07425104692365,108.64641719460252,111756
20231203_1202,255.0700315513965,108.4590280018644,111564
20231203_1207,255.02085925819821,108.59321760772062,111701
20231203_1215,255.03962789531647,108.58168664774507,111689
20231203_1219,255.08775307359616,108.56844292020739,111677
20231203_1224,255.04154595438197,108.3878609035707,111491
20231203_1228,255.0534081853752,108.57970041276066,111687
20231203_1232,255.04688705135334,108.39853993650338,111502
20231203_1237,255.07909553866017,108.43175297661742,111536
20231203_1245,255.04661446420724,108.38582281660074,111489
20231203_1249,255.04202984325119,108.41282865239069,111516
20231203_1254,255.05149175432462,108.4096024678737,111513
20231203_1258,255.03804040784482,108.40952175979483,111513
20231203_1302,255.03764058043802,108.39875517927929,111502
20231203_1307,255.02005371530888,108.59289167412713,111700
20231203_1315,255.02474165875674,108.56712395006895,111674
20231203_1319,254.99561155534016,108.32696156296835,111429
20231203_1324,254.99309001821723,108.33120350345051,111433
20231203_1328,255.0054821806697,108.34979183863905,111452
20231203_1332,254.99336019165716,108.34708252205044,111449
20231203_1337,255.01115418438954,108.33653690841544,111438
20231203_1345,255.00044866387896,108.34032949875271,111442
20231203_1349,255.0288711790785,108.32452928400912,111426
20231203_1354,255.02407952343358,108.36227840378956,111464
20231203_1358,255.0047285778376,108.34837146702557,111450
20231203_1402,255.01044559511226,108.51980721337323,111626
20231203_1407,254.99176729852726,108.52168810692658,111628
20231203_1415,254.98885938789422,108.38170499802662,111484
20231203_1419,254.9344112181415,108.2906518479949,111391
20231203_1424,254.95481876428155,108.48934988126709,111595
20231203_1428,254.98168721330276,108.50980146215596,111616
20231203_1432,254.99301069005995,108.49331087196121,111599
20231203_1437,255.01108102777428,108.43742267486687,111542
20231203_1445,255.02416346878027,108.42761718609906,111532
20231203_1449,254.97105593402654,108.45486733596272,111560
20231203_1454,255.02715544677838,108.43841388522812,111543
20231203_1458,254.97157868311575,108.4317440109023,111536
20231203_1502,255.0074064775295,108.41999928266561,111524
20231203_1507,254.95596487930618,108.62111895747746,111729
20231203_1515,254.95575126002188,108.4032339066956,111506
20231203_1519,254.97635832032861,108.3954241331683,111498
20231203_1524,254.981114512289,108.61877271181282,111726
20231203_1528,254.9689032904866,108.60876687314261,111716
20231203_1532,254.93018302232963,108.62735042735042,111735
20231203_1537,254.92270721643948,108.62363175841978,111731
20231203_1545,254.98178790157945,108.57765660255721,111684
20231203_1549,255.00275316569216,108.40547763389173,111508
20231203_1554,254.95807446435475,108.1245628073835,111221
20231203_1558,254.9723548201852,108.34631397602469,111448
20231203_1602,255.01820886427586,108.4886553040486,111594
20231203_1607,254.99806125013464,108.31085520410728,111412
20231203_1615,254.97895407590892,108.32203405042047,111423
20231203_1619,254.9856324933592,108.33110776078685,111432
20231203_1624,254.99694831888272,108.31311145816504,111414
20231203_1628,254.97032182773015,108.29438484671664,111395
20231203_1632,254.95817736245388,108.29827018195854,111399
20231203_1637,254.9360838809293,108.29523501741535,111396
20231203_1645,254.95807937092127,108.29999730702598,111401
20231203_1649,254.90936105649672,108.28664027220411,111387
20231203_1654,254.9383680321761,108.28635298553691,111387
20231203_1658,254.90451056954356,108.30488757237107,111405
20231203_1702,254.9270304967277,108.28860120837784,111389
20231203_1707,254.90299639929242,108.26756579597188,111367
20231203_1715,254.94149836195413,108.01399539187098,111108
20231203_1719,254.94866625868463,108.02181504013824,111116
20231203_1724,254.93155147588192,108.02554895608351,111120
20231203_1728,254.93800635924336,108.23531895018593,111334
20231203_1732,254.94645910195266,108.03530999730046,111130
20231203_1737,254.9005168191313,107.97078261182742,111064
20231203_1745,254.93560657152878,108.11004702941362,111207
20231203_1749,254.94925587878242,108.10776493862686,111205
20231203_1754,254.90541599488395,107.93086117291011,111023
20231203_1758,254.8911418173957,107.92414606903509,111016
20231203_1802,254.86428359136474,107.94060324408059,111033
20231203_1807,254.87507431762904,107.91834969822538,111010
20231203_1815,254.89940364658403,107.91689788123378,111008
20231203_1819,254.86764626389666,107.90729562694824,110998
20231203_1824,254.86408466561585,107.93345642873227,111025
20231203_1828,254.85429634367145,107.92166683181249,111013
20231203_1832,254.83610633180496,107.91985478916504,111011
20231203_1837,254.87288120327838,107.93799873907953,111030
20231203_1845,254.89654397151003,108.10038939899458,111197
20231203_1849,254.89098315692922,108.10586045340503,111203
20231203_1854,254.924242015416,108.08655999568279,111183
20231203_1858,254.87141943215505,107.89051279047764,110981
20231203_1902,254.87516555993045,107.89637525115555,110987
20231203_1907,254.9196186391039,107.88018491317551,110971
20231203_1915,254.94980382275656,108.02912962096397,111124
20231203_1919,254.90241770520757,107.88245789516368,110973
20231203_1924,254.88003388975017,107.85811371092764,110948
20231203_1928,254.99040866639075,108.04641809576938,111142
20231203_1932,254.99663502631697,108.04965585496424,111145
20231203_1937,254.98108589630536,108.03873702017384,111134
20231203_1945,254.99708454810497,108.03690206241227,111132
20231203_1949,255.00494853523358,108.04842366659469,111144
20231203_1954,254.99501475775682,108.03291699661652,111128
20231203_1958,254.9472987812562,108.00423049919891,111098
20231203_2002,254.95765428319316,107.96863913849921,111062
20231203_2007,254.95389946447054,108.01112461185365,111105
20231203_2015,254.93862451958992,108.00929767873055,111103
20231203_2019,254.96030782785374,108.13284066492255,111231
20231203_2024,254.9333069570456,108.11372076503224,111211
20231203_2028,254.9434438040346,107.94714517291067,111040
20231203_2032,254.93157889996667,107.9406933073951,111033
20231203_2037,254.94033595309605,108.10854630145856,111206
20231203_2045,254.9208794173186,108.11254383598597,111210
20231203_2049,254.92291022228616,108.11068448313071,111208
20231203_2054,254.92711192436718,108.38299876217641,111486
20231203_2058,254.9443730163725,108.12590021847998,111223
20231203_2102,254.92506608642486,108.12102357532054,111218
20231203_2107,254.92580471138285,108.12289156626505,111220
20231203_2115,254.93198969840003,108.3374222668904,111439
20231203_2119,254.94220531635554,108.10664184741556,111204
20231203_2124,254.9319425751458,108.34767160161508,111450
20231203_2128,254.92385609187153,108.35768885698906,111460
20231203_2132,254.9146056929538,108.33409311174127,111436
20231203_2137,254.88395301043715,108.3276525859516,111429
20231203_2145,254.89157610402663,108.33132913948292,111433
20231203_2149,254.8791248238789,108.32767053460051,111429
20231203_2154,254.92581376387633,108.5046993575902,111611
20231203_2158,254.86678933668432,108.30895790324028,111410
20231203_2202,254.9318041306393,108.49891133909772,111605
20231203_2207,254.88673859576684,108.30477712151949,111406
20231203_2215,254.8683988511937,108.31871297792138,111420
20231203_2219,254.85516090241757,108.3322594540266,111434
20231203_2224,254.89866860585167,108.28639787407866,111387
20231203_2228,254.93949647713504,108.31339586231657,111415
20231203_2232,254.98493128594723,108.51496120836394,111622
20231203_2237,254.9712488446594,108.33685693518427,111439
20231203_2245,254.9757425919954,108.52880791142643,111636
20231203_2249,254.9795208689963,108.47164738252508,111577
20231203_2254,254.97405406375645,108.3222106547961,111424
20231203_2258,254.91255991813432,108.30064092206604,111402
20231203_2302,254.87964957633204,108.3071682464455,111408
20231203_2307,254.94869589370032,108.50306874893602,111609
20231203_2315,254.88220141986557,108.31775549951085,111419
20231203_2319,254.9292477808593,108.31502373964476,111417
20231203_2324,254.90872698877152,108.31208207300764,111413
20231203_2328,254.96467747437208,108.30056911006984,111402
20231203_2332,254.9505714003573,108.2920201448924,111393
20231203_2337,255.00980840848925,108.33283079822318,111435
20231203_2345,255.02388579324702,108.34456737283193,111447
20231203_2349,255.02591366299677,108.34438791533195,111447
20231204_0002,255.04606422381244,108.13789600489051,111236
20231204_0007,255.03530649308615,108.12765000988978,111226
20231204_0015,255.05098827350457,108.35378666212081,111457
20231204_0019,255.02077800904328,108.36113005095815,111464
20231204_0024,255.02922798910356,108.13104496129607,111229
20231204_0028,255.03534826854616,108.13752741918084,111236
20231204_0032,255.03277627450805,108.14055322324005,111239
20231204_0037,255.0286088508913,108.36564425983906,111469
20231204_0045,255.02173522220625,108.1489914425428,111248
20231204_0049,255.02479257121797,108.1446383143209,111243
20231204_0054,255.0050878233824,108.14714236916383,111246
20231204_0058,254.9987324475449,108.13931390352218,111238
20231204_0102,254.99557665336067,108.12948178516201,111228
20231204_0107,255.01649630968114,108.1385240522488,111237
20231204_0115,255.0272233610242,108.12979645413026,111228
20231204_0119,255.01745048503537,108.13089212345702,111229
20231204_0124,255.00512525401479,108.11679284982107,111214
20231204_0128,254.97848135471085,107.92734642406774,111020
20231204_0132,254.97259140693848,108.10826753952125,111206
20231204_0137,254.98279800014387,108.11025285950652,111208
20231204_0145,254.9656809415488,108.12268366585447,111221
20231204_0149,254.9950194987076,107.93966658560969,111033
20231204_0154,255.0278192916434,107.97975223724724,111074
20231204_0158,255.02483029331796,107.98005833948538,111074
20231204_0202,255.04058871185526,107.9954901431272,111090
20231204_0207,255.0188821888219,108.0151381513815,111110
20231204_0215,254.99295856872132,108.24141151956601,111341
20231204_0219,255.02447894684855,108.26066576269969,111361
20231204_0224,255.02227689434412,108.27060006644459,111371
20231204_0228,255.03028312835693,108.05525816231973,111151
20231204_0232,255.0363109643638,108.05498825921494,111151
20231204_0237,255.0206698392745,108.26956990212804,111370
20231204_0245,255.0838019488407,108.04707448962148,111143
20231204_0249,255.0577156143674,108.29011320483701,111391
20231204_0254,255.05343997989155,108.29493877697584,111396
20231204_0258,255.0494287022161,108.31105885309614,111413
20231204_0302,255.06281766415083,108.06624506355531,111163
20231204_0307,255.09533468559837,108.31578380513022,111418
20231204_0315,255.06737104795417,108.29657624014794,111398
20231204_0319,255.1078604697077,108.32828387073616,111431
20231204_0324,255.07130292750347,108.32366772566546,111426
20231204_0328,255.08541171191385,108.32257572358088,111425
20231204_0332,255.1021593193567,108.32149267662263,111424
20231204_0337,255.11006492922536,108.10037051026097,111198
20231204_0345,255.10382243921703,108.3186024178566,111421
20231204_0349,255.11847040034453,108.35080840526136,111454
20231204_0354,255.08823397438775,108.32822105159246,111431
20231204_0358,255.11737472522543,108.35182809205509,111455
20231204_0402,255.1078522851657,108.35471657485331,111458
20231204_0407,255.11984145488458,108.40985885180336,111514
20231204_0415,255.13452138584202,108.39470309150755,111499
20231204_0419,255.10949160447763,108.38431938863376,111488
20231204_0424,255.13421368762664,108.44072400623958,111546
20231204_0428,255.0896508504924,108.59083258728738,111700
20231204_0432,255.0694598561048,108.63772953430934,111748
20231204_0437,255.11649364596386,108.6298371218901,111740
20231204_0445,255.07930682611575,108.6080846416871,111718
20231204_0449,255.06762355594134,108.64044169627117,111751
20231204_0454,255.09560508413892,108.61003401360544,111720
20231204_0458,255.09668987987612,108.60807569057806,111718
20231204_0502,255.08484128543614,108.84710884049946,111962
20231204_0507,255.13124838182645,108.89251756555277,112009
20231204_0515,255.1225229579507,108.61557739469774,111726
20231204_0519,255.13027018803083,108.62622049992393,111737
20231204_0524,255.11260281574167,108.61853234164809,111729
20231204_0528,255.12928024857808,108.88072001928623,111997
20231204_0532,255.1322597960279,108.6682769726248,111780
20231204_0537,255.07566051766307,108.50919662775384,111617
20231204_0545,255.0937763202695,108.49870078669606,111606
20231204_0558,255.12970924464386,108.76777111395143,111881
20231204_0602,255.14605305494976,108.77054806764149,111884
20231204_0607,255.17076767694823,108.76891037959297,111883
20231204_0615,255.12710258656134,108.7729385267147,111886
20231204_0619,255.15675303049292,108.58907052946337,111698
20231204_0624,255.14262052911948,108.5862214065088,111695
20231204_0628,255.14770693111842,108.61879743663182,111728
20231204_0632,255.14822703921814,108.6246710938479,111734
20231204_0637,255.15095234685475,108.6145411907916,111724
20231204_0645,255.1552296500443,108.64671564197322,111757
20231204_0649,255.163457408733,108.64967788117394,111760
20231204_0654,255.1423291361273,108.63116492603432,111741
20231204_0658,255.13834766810163,108.62322679960262,111733
20231204_0702,255.13427786379788,108.62124209037778,111731
20231204_0707,255.14885697669217,108.65445354091173,111765
20231204_0715,255.2028613352898,108.65489504858365,111766
20231204_0719,255.2192386131883,108.68418369172421,111796
20231204_0724,255.18791429977188,108.67350717895961,111785
20231204_0728,255.18744575963353,108.66009072120676,111771
20231204_0732,255.2512836568566,108.67837015833258,111790
20231204_0737,255.17630952593998,108.64724672954061,111758
20231204_0745,255.19752247216135,108.69271499485711,111805
20231204_0749,255.20154511963946,108.7228888729926,111836
20231204_0754,255.19565256284105,108.67814652473388,111790
20231204_0758,255.19744562106467,108.69549585002862,111808
20231204_0802,255.21807026330853,108.6955405695478,111808
20231204_0807,255.16620743948042,108.67088618918967,111782
20231204_0815,255.2095431417611,108.71620956996843,111829
20231204_0819,255.13131502735172,108.76298759340699,111876
20231204_0824,255.12762040925745,108.79700652309891,111910
20231204_0828,255.1313103324991,108.76688416160171,111880
20231204_0832,255.12727597765362,108.76209162011173,111875
20231204_0837,255.13931362555215,108.72184666559365,111834
20231204_0845,255.166237505141,108.7333923430431,111846
20231204_0849,255.1235894776373,108.72554945546237,111838
20231204_0854,255.16111265099562,108.72847166960238,111841
20231204_0858,255.117943069994,108.57286378166384,111681
20231204_0902,255.11700393982807,108.57185709169055,111680
20231204_0907,255.12358292888229,108.56612103085767,111674
20231204_0915,255.16465802413947,108.73763075547609,111850
20231204_0919,255.13970108719928,108.82545850865203,111939
20231204_0924,255.1591964700418,108.84170567008468,111956
20231204_0928,255.16184496110182,108.84474673764502,111959
20231204_0932,255.1493206606698,108.83309065897255,111947
20231204_0937,255.14046487483105,108.6200807310546,111729
20231204_0945,255.13309571027852,108.82856300584231,111942
20231204_0949,255.11605763132744,108.8392271756898,111953
20231204_0954,255.109462115797,108.80704967834167,111920
20231204_0958,255.10346768142352,108.83431593239719,111948
20231204_1002,255.11380912729325,108.57876028544057,111687
20231204_1007,255.1203520489932,108.5806122357618,111689
20231204_1015,255.11008336392698,108.5707429328701,111679
20231204_1019,255.11727496091132,108.81208845208845,111925
20231204_1024,255.1129055360596,108.59573515720118,111704
20231204_1028,255.14098108757605,108.82336492848655,111937
20231204_1032,255.12993719344954,108.81781633327675,111931
20231204_1037,255.0759973136333,108.56714573539288,111675
20231204_1045,255.06131640446623,108.57511886321106,111683
20231204_1049,255.05010296355985,108.58200376040827,111690
20231204_1054,255.05620170655493,108.57897517168516,111687
20231204_1058,255.07805869397842,108.58977779369371,111698
20231204_1102,255.08311548791406,108.59170993733214,111700
20231204_1107,255.08559285560577,108.4242432393659,111528
20231204_1115,255.08158478945862,108.60393690919507,111712
20231204_1119,255.0645672392649,108.60456706023471,111713
20231204_1124,255.0650156464354,108.42320693643691,111527
20231204_1128,255.08048354600402,108.56726214461608,111675
20231204_1132,255.06869108260298,108.59460354690563,111703
20231204_1137,255.0629040055867,108.58585062760757,111694
20231204_1145,255.0523932497624,108.41849141873352,111522
20231204_1149,255.0404823505188,108.59482735468161,111703
20231204_1154,255.04333049365556,108.41149621127202,111515
20231204_1158,255.05928418640866,108.62429183857947,111733
20231204_1202,255.05216006014336,108.62421128941315,111733
20231204_1207,255.03568520424142,108.64605610487226,111755
20231204_1215,255.0490031958606,108.59870912297349,111707
20231204_1219,255.0720693298,108.58976884098193,111698
20231204_1224,255.04434671228827,108.53587775319545,111643
20231204_1228,255.0522360654563,108.53960249715621,111647
20231204_1232,255.03569605059255,108.53008411189839,111637
20231204_1237,255.04527719726255,108.38831833959692,111491
20231204_1245,255.0245789346442,108.57431434174121,111681
20231204_1249,255.0380017041123,108.39239427777031,111495
20231204_1254,255.02852222580992,108.38943601334626,111492
20231204_1258,255.03085340149784,108.39252881295126,111495
20231204_1302,255.02874109689805,108.37562568399146,111478
20231204_1307,255.0244770925268,108.38984859900262,111492
20231204_1315,255.02660423730333,108.38384191737079,111486
20231204_1319,255.0199196037614,108.34616143851841,111448
20231204_1324,255.00236033206193,108.32343728965672,111425
20231204_1328,255.01838410120678,108.35308420438741,111455
20231204_1332,255.0110638526973,108.34248591220702,111444
20231204_1337,255.00053751881316,108.51827563964738,111624
20231204_1345,255.02332385063403,108.32928897703512,111431
20231204_1349,255.01328176180775,108.32954922777324,111431
20231204_1354,254.98995019965005,108.34332630445512,111445
20231204_1358,254.98064255586468,108.32887014269048,111430
20231204_1402,254.9765233779054,108.32870860629991,111430
20231204_1407,254.98054523591594,108.33668945960983,111438
20231204_1415,254.99619305254484,108.53246206488829,111638
20231204_1419,255.003879372133,108.51059883887615,111616
20231204_1424,255.0037413196002,108.35608031724955,111458
20231204_1428,254.99014327264894,108.29540558009265,111396
20231204_1432,254.9748163976226,108.28174211272916,111382
20231204_1437,254.96959471587033,108.32685680439387,111428
20231204_1445,255.00503814467186,108.44500623044581,111549
20231204_1449,254.99270543955552,108.48428174567614,111590
20231204_1454,254.9701968941649,108.42811928415163,111532
20231204_1458,254.97725540822822,108.43881731708848,111543
20231204_1502,254.980779248774,108.23837324184016,111338
20231204_1507,254.9722110314327,108.59158094521885,111699
20231204_1515,254.96016643650125,108.4110156572269,111514
20231204_1519,254.9292626377463,108.60177783347805,111709
20231204_1524,254.94554145258599,108.61064465887324,111718
20231204_1528,254.96517893907657,108.60641459441072,111714
20231204_1532,254.9650046093673,108.62112790770526,111729
20231204_1537,254.97385509534146,108.39153676431019,111494
20231204_1545,254.9803925086108,108.38564688576349,111488
20231204_1549,255.003802451864,108.40378630937968,111507
20231204_1554,255.01050412630067,108.3771169716541,111480
20231204_1558,254.9642438190073,108.56633205877876,111673
20231204_1602,254.9931111708322,108.52332706261758,111630
20231204_1607,254.98732419600466,108.52332706261758,111630
20231204_1615,255.00790262105093,108.37982813368974,111482
20231204_1619,254.9813533618686,108.3393006164697,111441
20231204_1624,254.959945086005,108.34524931133184,111447
20231204_1628,254.97067204301075,108.49410394265233,111600
20231204_1632,254.9547425595906,108.28443686313238,111385
20231204_1637,254.93076115155705,108.29676741743494,111397
20231204_1645,254.95099482832927,108.27576856773452,111376
20231204_1649,254.9398104095226,108.29792276342484,111398
20231204_1654,254.94727393497658,108.30560292982425,111406
20231204_1658,254.9471076605484,108.31432033388683,111415
20231204_1702,254.9434644835232,108.29862027486782,111399
20231204_1707,254.9428774122866,108.25781046543999,111357
20231204_1715,254.91805649108628,108.24629754367058,111345
20231204_1719,254.94027956544045,108.00730866508853,111101
20231204_1724,254.95903391535532,108.23746137817058,111336
20231204_1728,254.93455815502605,107.9975245519439,111091
20231204_1732,254.95230893869837,107.99666936717976,111090
20231204_1737,254.94326681608294,108.00536458473974,111099
20231204_1745,254.92509572001222,108.16450360410562,111262
20231204_1749,254.95275526815186,108.0904512218155,111187
20231204_1754,254.95503273616808,108.09511475645729,111192
20231204_1758,254.90986455819314,107.95166780735565,111044
20231204_1802,254.9329323659771,108.1335598888799,111231
20231204_1807,254.93030259443717,108.14051852784121,111238
20231204_1815,254.92734103317176,107.90704337015082,110998
20231204_1819,254.8765606702099,107.9190613458247,111010
20231204_1824,254.87378588290414,107.89512190726758,110986
20231204_1828,254.8719156794739,107.9141299941444,111005
20231204_1832,254.95308494891512,107.70889743312033,110796
20231204_1837,254.83445480340495,107.92405530784129,111015
20231204_1845,254.89192573441315,107.91650976965417,111007
20231204_1849,254.92043632564088,107.92711091895008,111018
20231204_1854,254.88160383306015,107.94229695408613,111034
20231204_1858,254.87937168436505,107.9359885433273,111027
20231204_1902,254.94854245652584,107.9512711292022,111043
20231204_1907,254.93815751549215,107.93258214440121,111024
20231204_1915,254.94211242352984,107.90015406654594,110991
20231204_1919,254.95744221602664,108.09370446982642,111190
20231204_1924,254.96361085378686,108.09080198224612,111187
20231204_1928,254.95253886010363,107.8847127731471,110975
20231204_1932,254.99393634057253,108.05879230616982,111154
20231204_1937,254.98913160830605,108.0528034692482,111148
20231204_1945,254.9837860696965,108.04416991335175,111139
20231204_1949,254.98560243623356,107.90025317368075,110991
20231204_1954,254.99008964367763,107.90412180728862,110995
20231204_1958,254.96536706947282,108.04271304785985,111137
20231204_2002,254.9754105724656,108.20843066086894,111308
20231204_2007,254.9864232630954,108.05152682057833,111146
20231204_2015,254.9387843274917,108.00536458473974,111099
20231204_2019,254.93810599854154,107.98375901401731,111077
20231204_2024,254.96156508139106,108.15464751512319,111253
20231204_2028,254.9788172912735,108.171313022378,111270
20231204_2032,254.95843947754543,107.99721849654787,111091
20231204_2037,254.97905900328047,108.16628769154721,111265
20231204_2045,254.9336204416313,108.12657340142415,111224
20231204_2049,254.93444832885478,108.1730729480278,111271
20231204_2054,254.94792668566345,108.14909166089872,111247
20231204_2058,254.93631706659477,108.17167250831311,111270
20231204_2102,254.96233655358347,108.17633790159515,111275
20231204_2107,254.93924305474417,108.16495151128407,111263
20231204_2115,254.93365264734638,108.38636098628564,111489
20231204_2119,254.96423597070586,108.18599991014062,111285
20231204_2124,254.97595149036175,108.38000412618965,111483
20231204_2128,255.00712133170697,108.39221137978043,111496
20231204_2132,254.98457592768622,108.41017271373998,111514
20231204_2137,255.03538791286647,108.40245007039917,111507
20231204_2145,255.00357857162075,108.39322134227827,111497
20231204_2149,254.97428458866085,108.57574943590845,111684
20231204_2154,255.02488521414736,108.4075615180429,111512
20231204_2158,255.0337619713763,108.4113669787295,111516
20231204_2202,254.99782994673507,108.41371796481286,111518
20231204_2207,255.0592127055748,108.59005899784242,111699
20231204_2215,255.036299398298,108.41240349005085,111517
20231204_2219,255.08710316926363,108.37305453142801,111477
20231204_2224,255.04908074545307,108.34563791510018,111449
20231204_2228,255.0636048107192,108.3961309764038,111501
20231204_2232,255.1004556789437,108.37765737966667,111482
20231204_2237,255.12195296945347,108.39709601621496,111502
20231204_2245,255.13847988665506,108.4129647231837,111518
20231204_2249,255.08141943699613,108.4039135854505,111509
20231204_2254,255.0693864007318,108.40114433304038,111506
20231204_2258,255.06817509214667,108.40229761360273,111507
20231204_2302,255.05155092301897,108.37762149943488,111482
20231204_2307,255.07402756975398,108.39436228127606,111499
20231204_2315,255.02839461883408,108.39584753363229,111500
20231204_2319,255.04562495515535,108.3920230322164,111496
20231204_2324,255.0964665990904,108.37493160146754,111479
20231204_2328,255.1123359674222,108.38275314610672,111487
20231204_2332,255.12697857533607,108.40233348579012,111507
20231204_2337,255.09435641161613,108.1596634878976,111259
20231204_2345,255.1127841800816,108.40076229765481,111505
20231204_2349,255.14917395093116,108.21185306298456,111313
20231205_0002,255.11585387766837,108.20369438654495,111304
20231205_0007,255.09860091475196,108.18688615920998,111287
20231205_0015,255.1271621245204,108.19109361943015,111291
20231205_0019,255.06415558087173,108.37572098780936,111479
20231205_0024,255.07434770494604,108.16204240479593,111261
20231205_0028,255.0740061656825,108.16214127142484,111261
20231205_0032,255.05446554559916,108.1639718504804,111263
20231205_0037,255.09752328934485,108.21703782890305,111317
20231205_0045,255.0926594788859,108.19991913746631,111300
20231205_0049,255.12134500296534,108.1866811638481,111286
20231205_0054,255.06421499038618,108.19905119588852,111298
20231205_0058,255.07285393258428,108.15152359550562,111250
20231205_0102,255.06876038998968,108.18589207889653,111285
20231205_0107,255.06844938076037,108.00907258064517,111104
20231205_0115,255.03432442874984,108.19137216845927,111291
20231205_0119,255.08448413732378,108.19930996684606,111299
20231205_0124,255.09252976485092,108.02565671655222,111121
20231205_0128,255.06046532518866,108.21982572763206,111320
20231205_0132,255.0913885114157,108.02413628632367,111119
20231205_0137,255.0990516807025,108.04853163463615,111144
20231205_0145,255.09965629554983,108.04619315830199,111142
20231205_0149,255.12691588112543,108.0794506008491,111176
20231205_0154,255.1471733753092,108.07810209129751,111175
20231205_0158,255.1364257830068,108.07731124183712,111174
20231205_0202,255.14242285241448,108.0860203448369,111183
20231205_0207,255.11536731499308,108.06166897569226,111158
20231205_0215,255.12879898543815,108.08389922738597,111181
20231205_0219,255.1483273381295,108.10235611510791,111200
20231205_0224,255.12738562032857,108.34615833251084,111449
20231205_0228,255.14796395553796,108.09825893017735,111196
20231205_0232,255.14024028344815,108.10404489127893,111202
20231205_0237,255.16980843601044,108.09236442126091,111190
20231205_0245,255.10345168006893,108.32142087880528,111424
20231205_0249,255.11950103203804,108.32688683478418,111430
20231205_0254,255.151654676259,108.10194244604317,111200
20231205_0258,255.16014778723672,108.14204295178936,111241
20231205_0302,255.16306737127323,108.35297917582565,111457
20231205_0307,255.17126913208088,108.35777215553283,111462
20231205_0315,255.0977178534905,108.3698799720114,111474
20231205_0319,255.16711670090515,108.36866326374997,111473
20231205_0324,255.17011104533304,108.38126760310712,111486
20231205_0328,255.1802653652585,108.36474714943168,111469
20231205_0332,255.20866658279266,108.17770808246014,111278
20231205_0337,255.20230616445127,108.1670666055524,111267
20231205_0345,255.16652616096573,108.3972305429499,111502
20231205_0349,255.17258541834812,108.40488745404,111510
20231205_0354,255.1696231592919,108.40121607805858,111506
20231205_0358,255.16048209193465,108.4091683555428,111514
20231205_0402,255.16081036319525,108.59343974647055,111703
20231205_0407,255.17636955666083,108.67716570651591,111788
20231205_0454,255.23150313264196,108.92802955928815,112046
20231205_0458,255.15200829786474,108.72371150613398,111836
20231205_0502,255.24556049329834,108.94354018311292,112062
20231205_0515,255.2574623863545,108.74761534404306,111861
20231205_0524,255.26323553076222,108.74448854798048,111858
20231205_0645,255.1614406741754,108.67022123616715,111781
20231205_0649,255.17769645126077,108.64758674994184,111758
20231205_0654,255.1691020535994,108.64474072748423,111755
20231205_0658,255.15008457359693,108.62718705531739,111737
20231205_0702,255.1573798954679,108.6260381613804,111736
20231205_0707,255.14371509379922,108.61840362308463,111728
20231205_0715,255.18867772588177,108.65127682038617,111762
20231205_0719,255.21397004884508,108.67067148557013,111782
20231205_0724,255.20469306328388,108.67090408115797,111782
20231205_0728,255.2358040706777,108.66392305971819,111775
20231205_0732,255.21342172598278,108.66271225866481,111774
20231205_0737,255.2258260729556,108.68245165214591,111794
20231205_0745,255.1961252582714,108.68930510460551,111801
20231205_0749,255.1969122329958,108.68432680954596,111796
20231205_0754,255.19366052070455,108.51060760809189,111618
20231205_0758,255.1814433542917,108.69743043941007,111809
20231205_0802,255.18866118629967,108.68149168552593,111793
20231205_0807,255.20667179285434,108.73160831157684,111844
20231205_0815,255.20627838775437,108.73157254747684,111844
20231205_0819,255.2257265492265,108.71749977644639,111830
20231205_0824,255.18249948638243,108.83678573661692,111951
20231205_0828,255.16126495634848,108.79502095452555,111909
20231205_0832,255.16034743134924,108.79301562904912,111907
20231205_0837,255.1663115297151,108.58474940462335,111694
20231205_0845,255.17281015373615,108.76673221308545,111880
20231205_0849,255.17249052691784,108.78224422678201,111896
20231205_0854,255.13824921840109,108.83587315765966,111950
20231205_0858,255.18152284809108,108.6284970198142,111738
20231205_0902,255.19084133389404,108.65291733400142,111763
20231205_0907,255.16083653252437,108.63761890699527,111747
20231205_0915,255.20615885044325,108.78998069774092,111904
20231205_0919,255.16213416213415,108.85424537148675,111969
20231205_0924,255.20112510045539,108.8740512545763,111990
20231205_0928,255.18917881125876,108.8684544220603,111984
20231205_0932,255.168041936809,108.86300880530104,111978
20231205_0937,255.16240155722627,108.87852027787203,111994
20231205_0945,255.18154785823356,108.8714761534821,111987
20231205_0949,255.20249819198042,108.884956384318,112001
20231205_0954,255.20354977813886,108.89092645995339,112007
20231205_0958,255.19393999033835,108.6713782183178,111782
20231205_1002,255.2168646675732,108.67295856294282,111784
20231205_1007,255.20639123977884,108.66729589006782,111778
20231205_1015,255.1776271731269,108.87782272106293,111993
20231205_1019,255.21343079765444,108.92417954141787,112041
20231205_1024,255.17754735043346,108.66279870809588,111773
20231205_1028,255.16938148564896,108.86314276018504,111978
20231205_1032,255.17040483113396,108.66424513531648,111775
20231205_1037,255.18648738112492,108.66621040106641,111777
20231205_1102,260.5323703028267,467.60298987378224,41674
20231205_1132,264.5689505229757,467.2656246327418,42545
20231205_1202,264.5917410973205,467.790581139079,43105
20231205_1232,267.17543453607055,467.486541532622,43207
20231205_1302,261.6732792660724,467.3954082235831,42293
20231205_1332,266.04023841551094,467.3717704902825,43118
20231205_1402,260.7147490530303,467.4855587121212,42240
20231205_1432,258.39160888637326,467.3710438186878,42402
20231205_1502,260.1695345691026,467.59734649799447,42133
20231205_1532,261.83024720368456,467.82223423254067,42556
20231205_1602,265.306233318374,467.67503602050215,42337
20231205_1632,261.9,467.6743919885551,41940
20231205_1645,114.5514950166113,400.5049833887043,602
20231205_1715,33.5448275862069,461.82758620689657,435
20231205_1745,32.9706498951782,461.4339622641509,477
20231205_1815,31.942857142857143,461.40714285714284,560
20231205_1845,30.513863216266174,460.55637707948244,541
20231205_1915,29.632,460.5008,625
20231205_1945,431.0,414.5007776049767,643
20231205_2015,430.68689655172415,414.29241379310344,725
20231205_2045,429.8984088127295,413.65850673194615,817
20231205_2115,430.2691256830601,412.95628415300547,732
20231205_2145,429.2487623762376,412.7240099009901,808
20231205_2215,429.4484536082474,411.72680412371136,776
20231205_2245,428.0038560411311,411.0398457583548,778
20231205_2315,426.8835294117647,412.38235294117646,850
20231205_2345,426.8552311435523,413.43065693430657,822
20231206_0015,110.3133484162896,440.710407239819,884
20231206_0045,119.33121525019857,438.0135027799841,1259
20231206_0115,125.14464285714286,433.90238095238095,1680
20231206_0145,122.86609336609337,436.47297297297297,1628
20231206_0215,124.43805309734513,435.10785398230087,1808
20231206_0245,144.5849710982659,429.6450867052023,865
20231206_0315,144.44904458598725,429.911889596603,942
20231206_0345,145.03991811668374,429.7154554759468,977
20231206_0415,144.96040609137057,430.5269035532995,985
20231206_0445,143.04549431321084,429.84864391951004,1143
20231206_0515,142.73660308810173,430.0563124432334,1101
20231206_0545,140.7186067827681,430.3840513290559,1091
20231206_0615,140.4488977955912,425.15364061456245,1497
20231206_0645,142.9312,440.7616,625
20231206_0715,84.09367396593674,451.22141119221413,822
20231206_0745,126.82295719844358,410.7198443579766,1028
20231206_0815,126.65702479338843,410.2623966942149,968
20231206_0845,126.56576728499157,408.79510961214163,1186
20231206_0915,78.08431372549019,452.5352941176471,1020
20231206_0945,125.1489921121823,409.5731814198072,1141
20231206_1015,126.75191256830601,410.62295081967216,915
20231206_1045,125.43878787878788,410.17333333333335,825
20231206_1115,124.57481162540365,408.64155005382133,929
20231206_1145,123.61513513513513,408.00756756756755,925
20231206_1215,72.33136094674556,455.5285996055227,507
20231206_1245,121.38379204892966,405.9097859327217,654
20231206_1315,71.74714828897338,454.25665399239546,526
20231206_1345,115.43165467625899,407.78057553956836,556
20231206_1415,116.54741379310344,407.35991379310343,464
20231206_1445,118.359477124183,404.3562091503268,306
20231206_1515,117.63660477453581,404.0583554376658,377
20231206_1545,460.328,465.30133333333333,375
20231206_1615,459.6936936936937,466.21321321321324,333
20231206_1645,457.8948863636364,467.875,352
20231206_1715,457.5748987854251,470.17408906882594,247
20231206_1745,160.99221789883268,467.408560311284,257
20231206_1815,160.73837209302326,468.1744186046512,344
20231206_1845,505.62132352941177,416.99632352941177,272
20231206_1915,160.94910941475828,467.6005089058524,393
20231206_1945,159.96749521988528,470.96175908221795,523
20231206_2015,177.6083467094703,382.2680577849117,623
20231206_2045,159.8762886597938,470.180412371134,582
20231206_2115,159.81802120141342,469.79681978798584,566
20231206_2145,192.71614100185528,431.52504638218926,539
20231206_2215,193.11419249592169,429.9168026101142,613
20231206_2245,158.78929765886286,462.40802675585286,897
20231206_2315,158.13429522752497,462.69700332963373,901
20231206_2345,190.24744897959184,373.1887755102041,784
